"solver_configuration","training_optimizer","selector_solver","selector_preconditioner","adam_selection_mode","safe_training_constraint_mode","reference_composition","seed","safe_epsilon_multiplier","safe_cost_gamma","rho","log10_rho","reference_kl","fisher_cost","fisher_cost_milli","target_accuracy","reference_drift_pp"
"train=adamw | greedy_marginal | preconditioner=sgd","adamw","greedy_marginal","sgd","none","none","B_K",42,0.5,0.01,9.84703414810379e-06,-5.00669455600687,9.49441851373899,0.00123405968770385,1.23405968770385,0.3984375,23.4834470517115
"train=adamw | greedy_marginal | preconditioner=sgd","adamw","greedy_marginal","sgd","none","none","B_K",43,0.5,0.01,6.46823266264008e-06,-5.18921436689127,9.10594594070759,0.00115465477574617,1.15465477574617,0.41015625,1.80294474781678
"train=adamw | greedy_marginal | preconditioner=sgd","adamw","greedy_marginal","sgd","none","none","B_K",44,0.5,0.01,5.71601665728023e-06,-5.24290651428374,9.75202355936944,0.00115446315612644,1.15446315612644,0.44921875,12.6278709036062
"train=adamw | greedy_marginal | preconditioner=sgd","adamw","greedy_marginal","sgd","none","none","B_K",42,0.5,0.1,6.56148301868465e-05,-4.18299799080114,9.2394949038387,0.0012196620227769,1.2196620227769,0.4453125,17.2334470517115
"train=adamw | greedy_marginal | preconditioner=sgd","adamw","greedy_marginal","sgd","none","none","B_K",43,0.5,0.1,6.02333793091755e-05,-4.22016277066376,9.6239644371422,0.00117815076373518,1.17815076373518,0.41796875,10.3904538255219
"train=adamw | greedy_marginal | preconditioner=sgd","adamw","greedy_marginal","sgd","none","none","B_K",44,0.5,0.1,5.71601665728023e-05,-4.24290651428374,9.16653783549501,0.00111945462413132,1.11945462413132,0.4765625,0.809689085424375
"train=adamw | greedy_marginal | preconditioner=sgd","adamw","greedy_marginal","sgd","none","none","B_K",42,0.5,1,0.000672672752241585,-3.17219616380046,9.20479558317592,0.00118391343858093,1.18391343858093,0.46484375,20.2842609359419
"train=adamw | greedy_marginal | preconditioner=sgd","adamw","greedy_marginal","sgd","none","none","B_K",43,0.5,1,0.000646823266264008,-3.18921436689127,9.4446818148154,0.00115835072938353,1.15835072938353,0.4296875,2.0571204921886
"train=adamw | greedy_marginal | preconditioner=sgd","adamw","greedy_marginal","sgd","none","none","B_K",44,0.5,1,0.000571601665728023,-3.24290651428374,9.27052424737038,0.00116183061618358,1.16183061618358,0.4765625,2.62787090360619
"train=adamw | greedy_marginal | preconditioner=sgd","adamw","greedy_marginal","sgd","none","none","B_K",42,1,0.01,2.62459320747386e-05,-4.58093799947317,9.58707246360647,0.00118317850865424,1.18317850865424,0.41015625,17.4325709067493
"train=adamw | greedy_marginal | preconditioner=sgd","adamw","greedy_marginal","sgd","none","none","B_K",43,1,0.01,2.58729306505603e-05,-4.5871543755633,9.26201643598377,0.00116008426994085,1.16008426994085,0.39453125,1.80294474781678
"train=adamw | greedy_marginal | preconditioner=sgd","adamw","greedy_marginal","sgd","none","none","B_K",44,1,0.01,2.28640666291209e-05,-4.64084652295577,9.33685310152224,0.00114548159763217,1.14548159763217,0.4765625,0.809689085424375
"train=adamw | greedy_marginal | preconditioner=sgd","adamw","greedy_marginal","sgd","none","none","B_K",42,1,0.1,0.000262459320747386,-3.58093799947318,8.7503740702157,0.00122363225091249,1.22363225091249,0.44921875,17.812437953283
"train=adamw | greedy_marginal | preconditioner=sgd","adamw","greedy_marginal","sgd","none","none","B_K",43,1,0.1,0.000258729306505603,-3.5871543755633,9.49259110380002,0.00116030150093138,1.16030150093138,0.4296875,1.80294474781678
"train=adamw | greedy_marginal | preconditioner=sgd","adamw","greedy_marginal","sgd","none","none","B_K",44,1,0.1,0.000228640666291209,-3.64084652295577,9.40239750154129,0.00116390595212579,1.16390595212579,0.484375,10.8096890854244
"train=adamw | greedy_marginal | preconditioner=sgd","adamw","greedy_marginal","sgd","none","none","B_K",42,1,1,0.00262459320747386,-2.58093799947318,9.69519029392142,0.00120250962208956,1.20250962208956,0.47265625,10.9834470517115
"train=adamw | greedy_marginal | preconditioner=sgd","adamw","greedy_marginal","sgd","none","none","B_K",43,1,1,0.00258729306505603,-2.5871543755633,9.48291810861151,0.001159951207228,1.159951207228,0.44921875,-0.323831888763776
"train=adamw | greedy_marginal | preconditioner=sgd","adamw","greedy_marginal","sgd","none","none","B_K",44,1,1,0.00228640666291209,-2.64084652295577,9.5708329341128,0.00118375453166664,1.18375453166664,0.4453125,12.6278709036062
"train=adamw | greedy_marginal | preconditioner=sgd","adamw","greedy_marginal","sgd","none","none","B_K",42,2,0.01,0.000104983728298954,-3.97887800814521,8.97359583631797,0.00121168920304626,1.21168920304626,0.43359375,20.022111309001
"train=adamw | greedy_marginal | preconditioner=sgd","adamw","greedy_marginal","sgd","none","none","B_K",43,2,0.01,0.000103491722602241,-3.98509438423534,9.64286443988512,0.00117199029773474,1.17199029773474,0.39453125,2.0571204921886
"train=adamw | greedy_marginal | preconditioner=sgd","adamw","greedy_marginal","sgd","none","none","B_K",44,2,0.01,9.14562665164837e-05,-4.03878653162781,9.03479872777968,0.0011560395359993,1.1560395359993,0.4375,0.809689085424375
"train=adamw | greedy_marginal | preconditioner=sgd","adamw","greedy_marginal","sgd","none","none","B_K",42,2,0.1,0.00104983728298954,-2.97887800814521,9.01984318735374,0.00120284513104707,1.20284513104707,0.46484375,12.5191094207904
"train=adamw | greedy_marginal | preconditioner=sgd","adamw","greedy_marginal","sgd","none","none","B_K",43,2,0.1,0.00154973385762836,-2.80974287866049,9.7388463379987,0.00115841801743954,1.15841801743954,0.4375,1.80294474781678
"train=adamw | greedy_marginal | preconditioner=sgd","adamw","greedy_marginal","sgd","none","none","B_K",44,2,0.1,0.000914562665164837,-3.03878653162781,9.41829133145992,0.00116482633166015,1.16482633166015,0.44921875,-8.28122000548471
"train=adamw | greedy_marginal | preconditioner=sgd","adamw","greedy_marginal","sgd","none","none","B_K",42,2,1,0.0104983728298954,-1.97887800814521,9.28221100321846,0.00117489974945784,1.17489974945784,0.4609375,7.522111309001
"train=adamw | greedy_marginal | preconditioner=sgd","adamw","greedy_marginal","sgd","none","none","B_K",43,2,1,0.0154973385762836,-1.80974287866049,9.01633884249646,0.00111567205749452,1.11567205749452,0.40234375,-3.55339644185774
"train=adamw | greedy_marginal | preconditioner=sgd","adamw","greedy_marginal","sgd","none","none","B_K",44,2,1,0.00914562665164837,-2.03878653162781,9.68309960147362,0.00113277102354914,1.13277102354914,0.41796875,-9.19031091457562
"train=adamw | greedy_marginal | preconditioner=sgd","adamw","greedy_marginal","sgd","none","none","B_T",42,0.5,0.01,6.80005528974383e-06,-5.16748755612714,8.98399310168696,0.000616766570601612,0.616766570601612,0.44140625,17.8501453439316
"train=adamw | greedy_marginal | preconditioner=sgd","adamw","greedy_marginal","sgd","none","none","B_T",43,0.5,0.01,6.46823266264008e-06,-5.18921436689127,9.10594594070759,0.000602812157012522,0.602812157012522,0.41015625,1.80294474781678
"train=adamw | greedy_marginal | preconditioner=sgd","adamw","greedy_marginal","sgd","none","none","B_T",44,0.5,0.01,5.71601665728023e-06,-5.24290651428374,9.75202355936944,0.000561513821594417,0.561513821594417,0.44921875,12.6278709036062
"train=adamw | greedy_marginal | preconditioner=sgd","adamw","greedy_marginal","sgd","none","none","B_T",42,0.5,0.1,6.56148301868465e-05,-4.18299799080114,9.2394949038387,0.000610462739132345,0.610462739132345,0.4453125,17.2334470517115
"train=adamw | greedy_marginal | preconditioner=sgd","adamw","greedy_marginal","sgd","none","none","B_T",43,0.5,0.1,6.02333793091755e-05,-4.22016277066376,9.6239644371422,0.000612521194852889,0.612521194852889,0.41796875,10.3904538255219
"train=adamw | greedy_marginal | preconditioner=sgd","adamw","greedy_marginal","sgd","none","none","B_T",44,0.5,0.1,5.71601665728023e-05,-4.24290651428374,9.16653783549501,0.000543602567631751,0.543602567631751,0.4765625,0.809689085424375
"train=adamw | greedy_marginal | preconditioner=sgd","adamw","greedy_marginal","sgd","none","none","B_T",42,0.5,1,0.000672672752241585,-3.17219616380046,9.20479558317592,0.000592399155721068,0.592399155721068,0.46484375,20.2842609359419
"train=adamw | greedy_marginal | preconditioner=sgd","adamw","greedy_marginal","sgd","none","none","B_T",43,0.5,1,0.000646823266264008,-3.18921436689127,9.4446818148154,0.000601116276811808,0.601116276811808,0.4296875,2.0571204921886
"train=adamw | greedy_marginal | preconditioner=sgd","adamw","greedy_marginal","sgd","none","none","B_T",44,0.5,1,0.000571601665728023,-3.24290651428374,9.27052424737038,0.000561108987312764,0.561108987312764,0.4765625,2.62787090360619
"train=adamw | greedy_marginal | preconditioner=sgd","adamw","greedy_marginal","sgd","none","none","B_T",42,1,0.01,2.62459320747386e-05,-4.58093799947317,9.58707246360647,0.000590787967666984,0.590787967666984,0.41015625,17.4325709067493
"train=adamw | greedy_marginal | preconditioner=sgd","adamw","greedy_marginal","sgd","none","none","B_T",43,1,0.01,2.58729306505603e-05,-4.5871543755633,9.26201643598377,0.000602348241955042,0.602348241955042,0.39453125,1.80294474781678
"train=adamw | greedy_marginal | preconditioner=sgd","adamw","greedy_marginal","sgd","none","none","B_T",44,1,0.01,2.28640666291209e-05,-4.64084652295577,9.33685310152224,0.000557235500309616,0.557235500309616,0.4765625,0.809689085424375
"train=adamw | greedy_marginal | preconditioner=sgd","adamw","greedy_marginal","sgd","none","none","B_T",42,1,0.1,0.000262459320747386,-3.58093799947318,8.7503740702157,0.000612301810178906,0.612301810178906,0.44921875,17.812437953283
"train=adamw | greedy_marginal | preconditioner=sgd","adamw","greedy_marginal","sgd","none","none","B_T",43,1,0.1,0.000258729306505603,-3.5871543755633,9.49259110380002,0.000608201429713517,0.608201429713517,0.4296875,1.80294474781678
"train=adamw | greedy_marginal | preconditioner=sgd","adamw","greedy_marginal","sgd","none","none","B_T",44,1,0.1,0.000228640666291209,-3.64084652295577,9.40239750154129,0.000562648696359247,0.562648696359247,0.484375,10.8096890854244
"train=adamw | greedy_marginal | preconditioner=sgd","adamw","greedy_marginal","sgd","none","none","B_T",42,1,1,0.00262459320747386,-2.58093799947318,9.69519029392142,0.000606300542131066,0.606300542131066,0.47265625,10.9834470517115
"train=adamw | greedy_marginal | preconditioner=sgd","adamw","greedy_marginal","sgd","none","none","B_T",43,1,1,0.00258729306505603,-2.5871543755633,9.48291810861151,0.000599811668507755,0.599811668507755,0.44921875,-0.323831888763776
"train=adamw | greedy_marginal | preconditioner=sgd","adamw","greedy_marginal","sgd","none","none","B_T",44,1,1,0.00228640666291209,-2.64084652295577,9.5708329341128,0.000571151322219521,0.571151322219521,0.4453125,12.6278709036062
"train=adamw | greedy_marginal | preconditioner=sgd","adamw","greedy_marginal","sgd","none","none","B_T",42,2,0.01,0.000104983728298954,-3.97887800814521,8.97359583631797,0.000604432832915336,0.604432832915336,0.43359375,20.022111309001
"train=adamw | greedy_marginal | preconditioner=sgd","adamw","greedy_marginal","sgd","none","none","B_T",43,2,0.01,0.000103491722602241,-3.98509438423534,9.64286443988512,0.000607869355008006,0.607869355008006,0.39453125,2.0571204921886
"train=adamw | greedy_marginal | preconditioner=sgd","adamw","greedy_marginal","sgd","none","none","B_T",44,2,0.01,9.14562665164837e-05,-4.03878653162781,9.03479872777968,0.00055891223018989,0.55891223018989,0.4375,0.809689085424375
"train=adamw | greedy_marginal | preconditioner=sgd","adamw","greedy_marginal","sgd","none","none","B_T",42,2,0.1,0.00104983728298954,-2.97887800814521,9.01984318735374,0.000602419429924339,0.602419429924339,0.46484375,12.5191094207904
"train=adamw | greedy_marginal | preconditioner=sgd","adamw","greedy_marginal","sgd","none","none","B_T",43,2,0.1,0.00103491722602241,-2.98509438423534,9.38074674664328,0.000609589391387999,0.609589391387999,0.4375,2.0571204921886
"train=adamw | greedy_marginal | preconditioner=sgd","adamw","greedy_marginal","sgd","none","none","B_T",44,2,0.1,0.000914562665164837,-3.03878653162781,9.41829133145992,0.000559832144062966,0.559832144062966,0.44921875,-8.28122000548471
"train=adamw | greedy_marginal | preconditioner=sgd","adamw","greedy_marginal","sgd","none","none","B_T",42,2,1,0.0104983728298954,-1.97887800814521,9.28221100321846,0.000585462898015976,0.585462898015976,0.4609375,7.522111309001
"train=adamw | greedy_marginal | preconditioner=sgd","adamw","greedy_marginal","sgd","none","none","B_T",43,2,1,0.0103491722602241,-1.98509438423534,9.02556397970772,0.000601130654104054,0.601130654104054,0.41796875,1.29954473461285
"train=adamw | greedy_marginal | preconditioner=sgd","adamw","greedy_marginal","sgd","none","none","B_T",44,2,1,0.00914562665164837,-2.03878653162781,9.68309960147362,0.000548278447240591,0.548278447240591,0.41796875,-9.19031091457562
"train=adamw | greedy_marginal | preconditioner=sgd","adamw","greedy_marginal","sgd","none","none","B_T_K",42,0.5,0.01,9.84703414810379e-06,-5.00669455600687,9.49441851373899,0.000854534970130771,0.854534970130771,0.3984375,23.4834470517115
"train=adamw | greedy_marginal | preconditioner=sgd","adamw","greedy_marginal","sgd","none","none","B_T_K",43,0.5,0.01,4.73448968978719e-06,-5.32472682486621,9.22635421320461,0.000864740228280425,0.864740228280425,0.40234375,2.0571204921886
"train=adamw | greedy_marginal | preconditioner=sgd","adamw","greedy_marginal","sgd","none","none","B_T_K",44,0.5,0.01,5.71601665728023e-06,-5.24290651428374,9.75202355936944,0.000791904691141099,0.791904691141099,0.44921875,12.6278709036062
"train=adamw | greedy_marginal | preconditioner=sgd","adamw","greedy_marginal","sgd","none","none","B_T_K",42,0.5,0.1,6.56148301868465e-05,-4.18299799080114,9.2394949038387,0.000843972899019718,0.843972899019718,0.4453125,17.2334470517115
"train=adamw | greedy_marginal | preconditioner=sgd","adamw","greedy_marginal","sgd","none","none","B_T_K",43,0.5,0.1,4.10326693751788e-05,-4.3868702291408,9.3524418355345,0.000862992252223194,0.862992252223194,0.43359375,2.0571204921886
"train=adamw | greedy_marginal | preconditioner=sgd","adamw","greedy_marginal","sgd","none","none","B_T_K",44,0.5,0.1,5.71601665728023e-05,-4.24290651428374,9.16653783549501,0.000767391233239323,0.767391233239323,0.4765625,0.809689085424375
"train=adamw | greedy_marginal | preconditioner=sgd","adamw","greedy_marginal","sgd","none","none","B_T_K",42,0.5,1,0.000672672752241585,-3.17219616380046,9.20479558317592,0.000820571556687355,0.820571556687355,0.46484375,20.2842609359419
"train=adamw | greedy_marginal | preconditioner=sgd","adamw","greedy_marginal","sgd","none","none","B_T_K",43,0.5,1,0.000410326693751788,-3.3868702291408,9.44833487604976,0.00083466328214854,0.83466328214854,0.44921875,1.80294474781678
"train=adamw | greedy_marginal | preconditioner=sgd","adamw","greedy_marginal","sgd","none","none","B_T_K",44,0.5,1,0.000571601665728023,-3.24290651428374,9.27052424737038,0.000796396110672504,0.796396110672504,0.4765625,2.62787090360619
"train=adamw | greedy_marginal | preconditioner=sgd","adamw","greedy_marginal","sgd","none","none","B_T_K",42,1,0.01,2.62459320747386e-05,-4.58093799947317,9.58707246360647,0.000819807813968509,0.819807813968509,0.41015625,17.4325709067493
"train=adamw | greedy_marginal | preconditioner=sgd","adamw","greedy_marginal","sgd","none","none","B_T_K",43,1,0.01,1.64130677500715e-05,-4.78481023781284,9.44142442619469,0.000812262413091958,0.812262413091958,0.39453125,2.27993689147559
"train=adamw | greedy_marginal | preconditioner=sgd","adamw","greedy_marginal","sgd","none","none","B_T_K",44,1,0.01,2.28640666291209e-05,-4.64084652295577,9.33685310152224,0.000786535849329084,0.786535849329084,0.4765625,0.809689085424375
"train=adamw | greedy_marginal | preconditioner=sgd","adamw","greedy_marginal","sgd","none","none","B_T_K",42,1,0.1,0.000262459320747386,-3.58093799947318,8.7503740702157,0.000847248826175928,0.847248826175928,0.44921875,17.812437953283
"train=adamw | greedy_marginal | preconditioner=sgd","adamw","greedy_marginal","sgd","none","none","B_T_K",43,1,0.1,0.000164130677500715,-3.78481023781284,8.97301319234278,0.000829091062769294,0.829091062769294,0.421875,1.80294474781678
"train=adamw | greedy_marginal | preconditioner=sgd","adamw","greedy_marginal","sgd","none","none","B_T_K",44,1,0.1,0.000228640666291209,-3.64084652295577,9.40239750154129,0.000797204382251948,0.797204382251948,0.484375,10.8096890854244
"train=adamw | greedy_marginal | preconditioner=sgd","adamw","greedy_marginal","sgd","none","none","B_T_K",42,1,1,0.00262459320747386,-2.58093799947318,9.69519029392142,0.00083118979819119,0.83118979819119,0.47265625,10.9834470517115
"train=adamw | greedy_marginal | preconditioner=sgd","adamw","greedy_marginal","sgd","none","none","B_T_K",43,1,1,0.00164130677500715,-2.78481023781284,9.28694854685968,0.000846042821649462,0.846042821649462,0.453125,2.0571204921886
"train=adamw | greedy_marginal | preconditioner=sgd","adamw","greedy_marginal","sgd","none","none","B_T_K",44,1,1,0.00228640666291209,-2.64084652295577,9.5708329341128,0.000811139063443989,0.811139063443989,0.4453125,12.6278709036062
"train=adamw | greedy_marginal | preconditioner=sgd","adamw","greedy_marginal","sgd","none","none","B_T_K",42,2,0.01,0.000104983728298954,-3.97887800814521,8.97359583631797,0.000839501793961972,0.839501793961972,0.43359375,20.022111309001
"train=adamw | greedy_marginal | preconditioner=sgd","adamw","greedy_marginal","sgd","none","none","B_T_K",43,2,0.01,6.56522710002861e-05,-4.18275024648487,8.70339629192845,0.000844824709929526,0.844824709929526,0.42578125,2.27993689147559
"train=adamw | greedy_marginal | preconditioner=sgd","adamw","greedy_marginal","sgd","none","none","B_T_K",44,2,0.01,9.14562665164837e-05,-4.03878653162781,9.03479872777968,0.00079335697228089,0.79335697228089,0.4375,0.809689085424375
"train=adamw | greedy_marginal | preconditioner=sgd","adamw","greedy_marginal","sgd","none","none","B_T_K",42,2,0.1,0.00104983728298954,-2.97887800814521,9.01984318735374,0.000832486373838037,0.832486373838037,0.46484375,12.5191094207904
"train=adamw | greedy_marginal | preconditioner=sgd","adamw","greedy_marginal","sgd","none","none","B_T_K",43,2,0.1,0.00154973385762836,-2.80974287866049,9.7388463379987,0.000833114609122276,0.833114609122276,0.4375,1.80294474781678
"train=adamw | greedy_marginal | preconditioner=sgd","adamw","greedy_marginal","sgd","none","none","B_T_K",44,2,0.1,0.000914562665164837,-3.03878653162781,9.41829133145992,0.0007984948460944,0.7984948460944,0.44921875,-8.28122000548471
"train=adamw | greedy_marginal | preconditioner=sgd","adamw","greedy_marginal","sgd","none","none","B_T_K",42,2,1,0.0104983728298954,-1.97887800814521,9.28221100321846,0.000813533493783325,0.813533493783325,0.4609375,7.522111309001
"train=adamw | greedy_marginal | preconditioner=sgd","adamw","greedy_marginal","sgd","none","none","B_T_K",43,2,1,0.0154973385762836,-1.80974287866049,9.01633884249646,0.000806718540843576,0.806718540843576,0.40234375,-3.55339644185774
"train=adamw | greedy_marginal | preconditioner=sgd","adamw","greedy_marginal","sgd","none","none","B_T_K",44,2,1,0.00914562665164837,-2.03878653162781,9.68309960147362,0.000775959575548768,0.775959575548768,0.41796875,-9.19031091457562
"train=adamw | greedy_marginal | preconditioner=sgd","adamw","greedy_marginal","sgd","none","none","T_K",42,0.5,0.01,9.84703414810379e-06,-5.00669455600687,9.49441851373899,0.000670145382173359,0.670145382173359,0.3984375,23.4834470517115
"train=adamw | greedy_marginal | preconditioner=sgd","adamw","greedy_marginal","sgd","none","none","T_K",43,0.5,0.01,4.73448968978719e-06,-5.32472682486621,9.22635421320461,0.000680096040014178,0.680096040014178,0.40234375,2.0571204921886
"train=adamw | greedy_marginal | preconditioner=sgd","adamw","greedy_marginal","sgd","none","none","T_K",44,0.5,0.01,5.71601665728023e-06,-5.24290651428374,9.75202355936944,0.000605910434387624,0.605910434387624,0.44921875,12.6278709036062
"train=adamw | greedy_marginal | preconditioner=sgd","adamw","greedy_marginal","sgd","none","none","T_K",42,0.5,0.1,6.56148301868465e-05,-4.18299799080114,9.2394949038387,0.000663430721033365,0.663430721033365,0.4453125,17.2334470517115
"train=adamw | greedy_marginal | preconditioner=sgd","adamw","greedy_marginal","sgd","none","none","T_K",43,0.5,0.1,4.10326693751788e-05,-4.3868702291408,9.3524418355345,0.000678838870953768,0.678838870953768,0.43359375,2.0571204921886
"train=adamw | greedy_marginal | preconditioner=sgd","adamw","greedy_marginal","sgd","none","none","T_K",44,0.5,0.1,5.71601665728023e-05,-4.24290651428374,9.16653783549501,0.000588312919717282,0.588312919717282,0.4765625,0.809689085424375
"train=adamw | greedy_marginal | preconditioner=sgd","adamw","greedy_marginal","sgd","none","none","T_K",42,0.5,1,0.000672672752241585,-3.17219616380046,9.20479558317592,0.000643200590275228,0.643200590275228,0.46484375,20.2842609359419
"train=adamw | greedy_marginal | preconditioner=sgd","adamw","greedy_marginal","sgd","none","none","T_K",43,0.5,1,0.000410326693751788,-3.3868702291408,9.44833487604976,0.000653679890092462,0.653679890092462,0.44921875,1.80294474781678
"train=adamw | greedy_marginal | preconditioner=sgd","adamw","greedy_marginal","sgd","none","none","T_K",44,0.5,1,0.000571601665728023,-3.24290651428374,9.27052424737038,0.000611956231296062,0.611956231296062,0.4765625,2.62787090360619
"train=adamw | greedy_marginal | preconditioner=sgd","adamw","greedy_marginal","sgd","none","none","T_K",42,1,0.01,2.62459320747386e-05,-4.58093799947317,9.58707246360647,0.000644523883238435,0.644523883238435,0.41015625,17.4325709067493
"train=adamw | greedy_marginal | preconditioner=sgd","adamw","greedy_marginal","sgd","none","none","T_K",43,1,0.01,1.64130677500715e-05,-4.78481023781284,9.44142442619469,0.00064012611983344,0.64012611983344,0.39453125,2.27993689147559
"train=adamw | greedy_marginal | preconditioner=sgd","adamw","greedy_marginal","sgd","none","none","T_K",44,1,0.01,2.28640666291209e-05,-4.64084652295577,9.33685310152224,0.000601625652052462,0.601625652052462,0.4765625,0.809689085424375
"train=adamw | greedy_marginal | preconditioner=sgd","adamw","greedy_marginal","sgd","none","none","T_K",42,1,0.1,0.000262459320747386,-3.58093799947318,8.7503740702157,0.00066430470906198,0.66430470906198,0.44921875,17.812437953283
"train=adamw | greedy_marginal | preconditioner=sgd","adamw","greedy_marginal","sgd","none","none","T_K",43,1,0.1,0.000164130677500715,-3.78481023781284,8.97301319234278,0.000651421840302646,0.651421840302646,0.421875,1.80294474781678
"train=adamw | greedy_marginal | preconditioner=sgd","adamw","greedy_marginal","sgd","none","none","T_K",44,1,0.1,0.000228640666291209,-3.64084652295577,9.40239750154129,0.000611816358286887,0.611816358286887,0.484375,10.8096890854244
"train=adamw | greedy_marginal | preconditioner=sgd","adamw","greedy_marginal","sgd","none","none","T_K",42,1,1,0.00262459320747386,-2.58093799947318,9.69519029392142,0.000649921828880906,0.649921828880906,0.47265625,10.9834470517115
"train=adamw | greedy_marginal | preconditioner=sgd","adamw","greedy_marginal","sgd","none","none","T_K",43,1,1,0.00164130677500715,-2.78481023781284,9.28694854685968,0.000665645289700478,0.665645289700478,0.453125,2.0571204921886
"train=adamw | greedy_marginal | preconditioner=sgd","adamw","greedy_marginal","sgd","none","none","T_K",44,1,1,0.00228640666291209,-2.64084652295577,9.5708329341128,0.00062164367409423,0.62164367409423,0.4453125,12.6278709036062
"train=adamw | greedy_marginal | preconditioner=sgd","adamw","greedy_marginal","sgd","none","none","T_K",42,2,0.01,0.000104983728298954,-3.97887800814521,8.97359583631797,0.000661241356283426,0.661241356283426,0.43359375,20.022111309001
"train=adamw | greedy_marginal | preconditioner=sgd","adamw","greedy_marginal","sgd","none","none","T_K",43,2,0.01,6.56522710002861e-05,-4.18275024648487,8.70339629192845,0.000663769314996898,0.663769314996898,0.42578125,2.27993689147559
"train=adamw | greedy_marginal | preconditioner=sgd","adamw","greedy_marginal","sgd","none","none","T_K",44,2,0.01,9.14562665164837e-05,-4.03878653162781,9.03479872777968,0.000609526468906552,0.609526468906552,0.4375,0.809689085424375
"train=adamw | greedy_marginal | preconditioner=sgd","adamw","greedy_marginal","sgd","none","none","T_K",42,2,0.1,0.00104983728298954,-2.97887800814521,9.01984318735374,0.000654083443805575,0.654083443805575,0.46484375,12.5191094207904
"train=adamw | greedy_marginal | preconditioner=sgd","adamw","greedy_marginal","sgd","none","none","T_K",43,2,0.1,0.00154973385762836,-2.80974287866049,9.7388463379987,0.000656477001029998,0.656477001029998,0.4375,1.80294474781678
"train=adamw | greedy_marginal | preconditioner=sgd","adamw","greedy_marginal","sgd","none","none","T_K",44,2,0.1,0.000914562665164837,-3.03878653162781,9.41829133145992,0.000614403979852796,0.614403979852796,0.44921875,-8.28122000548471
"train=adamw | greedy_marginal | preconditioner=sgd","adamw","greedy_marginal","sgd","none","none","T_K",42,2,1,0.0104983728298954,-1.97887800814521,9.28221100321846,0.000640856451354921,0.640856451354921,0.4609375,7.522111309001
"train=adamw | greedy_marginal | preconditioner=sgd","adamw","greedy_marginal","sgd","none","none","T_K",43,2,1,0.0154973385762836,-1.80974287866049,9.01633884249646,0.000634838885162026,0.634838885162026,0.40234375,-3.55339644185774
"train=adamw | greedy_marginal | preconditioner=sgd","adamw","greedy_marginal","sgd","none","none","T_K",44,2,1,0.00914562665164837,-2.03878653162781,9.68309960147362,0.000595229212194681,0.595229212194681,0.41796875,-9.19031091457562
