experiment_id,method_family,method_variant,selector_solver,selector_feature_method,selector_preconditioner,training_optimizer,reference_composition,included_references,safe_geometry,safe_training_constraint_mode,safe_epsilon_multiplier,safe_cost_gamma,kl_regularization_lambda,learning_rate,weight_decay,sgd_momentum,run_count,seed_count,seeds,target_medqa_accuracy_mean,target_medqa_accuracy_std,base_target_medqa_accuracy_mean,base_target_medqa_accuracy_std,medqa_gain_mean,medqa_gain_std,ood_mcq_ood_accuracy_mean,ood_mcq_ood_accuracy_std,base_ood_mcq_ood_accuracy_mean,base_ood_mcq_ood_accuracy_std,ood_mcq_ood_accuracy_delta_mean,ood_mcq_ood_accuracy_delta_std,bbq_score_mean,bbq_score_std,bbq_base_score_mean,bbq_base_score_std,bbq_score_delta_mean,bbq_score_delta_std,bbq_heldout_kl_mean,bbq_heldout_kl_std,truthfulqa_score_mean,truthfulqa_score_std,truthfulqa_base_score_mean,truthfulqa_base_score_std,truthfulqa_score_delta_mean,truthfulqa_score_delta_std,truthfulqa_heldout_kl_mean,truthfulqa_heldout_kl_std,mmlu_non_medical_score_mean,mmlu_non_medical_score_std,mmlu_non_medical_base_score_mean,mmlu_non_medical_base_score_std,mmlu_non_medical_score_delta_mean,mmlu_non_medical_score_delta_std,mmlu_non_medical_heldout_kl_mean,mmlu_non_medical_heldout_kl_std,ifeval_score_mean,ifeval_score_std,ifeval_base_score_mean,ifeval_base_score_std,ifeval_score_delta_mean,ifeval_score_delta_std,mean_reference_score_delta_mean,mean_reference_score_delta_std,included_reference_score_delta_mean,included_reference_score_delta_std,mean_reference_kl_mean,mean_reference_kl_std,worst_reference_kl_mean,worst_reference_kl_std,realized_heldout_kl_mean,realized_heldout_kl_std,reference_performance_degradation_mean,reference_performance_degradation_std,instruction_performance_degradation_mean,instruction_performance_degradation_std,safe_epsilon_mean,safe_epsilon_std,safe_rho_mean,safe_rho_std,safe_reference_curvature_q0_mean,safe_reference_curvature_q0_std,safe_effective_cost_c_mean,safe_effective_cost_c_std,safe_approximation_error_mean,safe_approximation_error_std,safe_approximation_error_squared_mean,safe_approximation_error_squared_std,safe_selected_reference_budget_gap_mean,safe_selected_reference_budget_gap_std,safe_selected_epsilon_budget_gap_mean,safe_selected_epsilon_budget_gap_std,safe_trace_max_reference_budget_ratio_mean,safe_trace_max_reference_budget_ratio_std,safe_trace_max_norm_budget_ratio_mean,safe_trace_max_norm_budget_ratio_std,safe_trace_final_approximation_error_mean,safe_trace_final_approximation_error_std,selected_predicted_fisher_cost_mean,selected_predicted_fisher_cost_std,selected_predicted_norm_cost_mean,selected_predicted_norm_cost_std,trained_lora_fisher_cost_mean,trained_lora_fisher_cost_std,max_incremental_reference_budget_ratio_mean,max_incremental_reference_budget_ratio_std,max_cumulative_reference_budget_ratio_mean,max_cumulative_reference_budget_ratio_std,max_incremental_norm_budget_ratio_mean,max_incremental_norm_budget_ratio_std,max_cumulative_norm_budget_ratio_mean,max_cumulative_norm_budget_ratio_std,trajectory_spearman_predicted_fisher_vs_realized_kl_mean,trajectory_spearman_predicted_fisher_vs_realized_kl_std,trajectory_spearman_realized_kl_vs_medqa_accuracy_mean,trajectory_spearman_realized_kl_vs_medqa_accuracy_std,trajectory_spearman_realized_kl_vs_reference_degradation_mean,trajectory_spearman_realized_kl_vs_reference_degradation_std,estimated_selection_flops_mean,estimated_selection_flops_std,estimated_selection_flops_sum,estimated_sft_flops_mean,estimated_sft_flops_std,estimated_sft_flops_sum,estimated_kl_regularization_flops_mean,estimated_kl_regularization_flops_std,estimated_kl_regularization_flops_sum,estimated_trajectory_diagnostic_flops_mean,estimated_trajectory_diagnostic_flops_std,estimated_trajectory_generation_flops_mean,estimated_trajectory_generation_flops_std,estimated_extra_eval_kl_flops_mean,estimated_extra_eval_kl_flops_std,estimated_total_flops_mean,estimated_total_flops_std,estimated_total_flops_sum,estimated_total_flops_including_selection_mean,estimated_total_flops_including_selection_std,estimated_total_flops_including_selection_sum,train_wallclock_seconds_mean,train_wallclock_seconds_std,train_wallclock_seconds_sum,completed_steps_mean,completed_steps_std,safe_selected_reference_budget_satisfied_rate,safe_selected_epsilon_budget_satisfied_rate,safe_trace_all_reference_budget_satisfied_rate,safe_trace_all_norm_budget_satisfied_rate,all_incremental_reference_constraints_satisfied_rate,all_incremental_norm_constraints_satisfied_rate,all_cumulative_reference_constraints_satisfied_rate,all_cumulative_norm_constraints_satisfied_rate,flops_accounting_complete_rate,medqa_accuracy_pct,reference_drift_pp,solver_configuration
setting_2_medqa_medmcqa_reference_coverage_gamma_v1,SAFE,SAFE-(B_T),greedy_marginal,low_rank,sgd,adamw,B_T,"bbq,truthfulqa",reference,none,0.5,0.01,0,2e-4,0,NA,3,3,424344,0.43359375,0.02066993211769211,0.40625,0.03197403426512676,0.02734375,0.01171875,0.4778645833333333,0.01926907368092284,0.5338541666666666,0.02931856835728568,-0.05598958333333333,0.02771327689295932,0.4540682414698163,0.00819553543096904,0.573490813648294,0.01265570966009571,-0.11942257217847768,0.01860557333170317,11.811484574645837,0.6578743147515006,0.1395190735127587,0.02473765207816354,0.250093599231542,0.00740215277295819,-0.11057452571878328,0.02122671472213072,2.2171848697658114,0.14157839869637792,0.5611979166666666,0.0090210979560879,0.5364583333333334,0.00983051358759212,0.02473958333333333,0.01255683692837624,13.81329315735234,0.4939781240374927,0.5290558696259073,0.02584449584699476,0.5111709172937656,0.01301845785237605,0.01788495233214162,0.01334239480224912,-0.0684191715213092,0.01723046516780473,-0.11499854894863049,0.01991463272707703,9.280654200587996,0.4127468086306879,13.81329315735234,0.4939781240374927,5.526862278633108,0.2149409820302517,0.10760320331784852,0.08184984459161757,-0.03373015873015869,0.0967757809385492,0.00216632639567057,2.2667566578570825e-5,6.328101536554716e-6,5.554390052398671e-7,270.0697275797526,29.068879945477068,6.328101536554716e-6,5.554390052398671e-7,0.02760415281660156,3.4269803614125e-4,7.6204797369427e-4,1.891977791918478e-5,-3.8091306012466e-4,1.086210918341774e-5,-1.173191575944608e-6,6.800361753203073e-8,63.35158161329987,3.0366748124749243,1.481873977475105,0.03082925472641805,0.02760415281660156,3.4269803614125e-4,3.8724116166122e-4,1.1346252488217106e-5,3.5198478750923337e-6,2.601493345625105e-8,5.9369751640285e-4,2.8731934729419727e-5,1.6998312647090468,0.07325579453393342,95.71548398440213,3.5633626423048836,182094.92961190897,1137.9696031458934,10418809.488743965,66336.99142014656,0.9665032679738564,0.03103499985820684,0.4956537889418961,0.4161221562570061,0.3932917016326424,0.25819888974716115,112953371674789580,83065193.79875563,3.3886011502436877e+17,3171045597052928,73720387799574.92,9513136791158784,0,0,0,4779041375928320,223047366448227.38,3832507489320960,0,1878465902417237.2,8407404375020.643,24481631754911744,18584397761852180,73444895264735230,137435003429701310,18584397844917224,412305010289104e3,645.3082896092286,10.035285397703849,1935.9248688276855,64,0,0,0,0,0,0,0,0,0,1,43.359375,10.760320331784852,B_T
setting_2_medqa_medmcqa_reference_coverage_gamma_v1,SAFE,SAFE-(B_T),greedy_marginal,low_rank,sgd,adamw,B_T,"bbq,truthfulqa",reference,none,1,0.01,0,2e-4,0,NA,3,3,424344,0.4270833333333333,0.04355658511374409,0.40625,0.03197403426512676,0.02083333333333333,0.02354575692711604,0.4869791666666667,0.03034161509825792,0.5338541666666666,0.02931856835728568,-0.046875,0.04736076426946149,0.4540682414698163,0.02561577597892798,0.573490813648294,0.01265570966009571,-0.11942257217847768,0.01818426044691734,11.969479130321917,0.36232352011546626,0.14025263574840832,0.01212694645195166,0.250093599231542,0.00740215277295819,-0.10984096348313364,0.00563632970763473,2.2781269446220627,0.18866642814122273,0.5611979166666666,0.01578692142315383,0.5364583333333334,0.00983051358759212,0.02473958333333333,0.00596689543614041,13.938335926168495,0.2672513296517495,0.53162116813337,0.02662362180314599,0.5111709172937656,0.01301845785237605,0.02045025083960433,0.0137472410656531,-0.06817465077609267,0.00970703057375088,-0.11463176783080566,0.01178069188742216,9.395314000370824,0.17023105707861175,13.938335926168495,0.2672513296517495,5.623169969432074,0.27987192638167746,0.06681734913330155,0.0932373289625814,-0.0829365079365079,0.11700832706120916,0.00432809187571207,5.098082771484539e-5,2.4994309784806624e-5,1.85424767557332e-6,267.23113505045575,25.70222983068905,2.4994309784806624e-5,1.85424767557332e-6,0.02976618603058339,7.5273168608938e-4,8.8640356746812e-4,4.449293831093583e-5,-4.1567572203654e-4,1.2419694804775111e-5,5.74669773382771e-6,2.494703499297259e-7,17.688561528275798,1.2516494079480986,0.3866884882990458,0.01216042518913384,0.02976618603058339,7.5273168608938e-4,4.4067003182135e-4,1.2965485637485818e-5,3.620358256739564e-6,3.15475550502777e-8,5.8345723664388e-4,2.3432767179561657e-5,0.4146053589405309,0.01551446149354968,23.38746272896596,0.9355395126141912,45591.5129603832,1224.05794389518,2633651.095436379,87353.0508706593,0.9477124183006538,0.01257745450844826,0.1478351373262371,0.48434035482316606,0.27359422722270776,0.2632455994200759,112953371674789580,83065193.79875563,3.3886011502436877e+17,3213442218426368,91243671186519.66,9640326655279104,0,0,0,4779041375928320,223047366448227.38,3832507489320960,0,1878465902417237.2,8407404375020.643,24524028376285184,18599859750659412,73572085128855550,137477400051074750,18599859833724528,412432200153224300,650.4718913063407,12.94521982732109,1951.415673919022,64,0,0,1,0,1,1,0,0,0,1,42.70833333333333,6.681734913330155,B_T
setting_2_medqa_medmcqa_reference_coverage_gamma_v1,SAFE,SAFE-(B_T),greedy_marginal,low_rank,sgd,adamw,B_T,"bbq,truthfulqa",reference,none,0.5,0.1,0,2e-4,0,NA,3,3,424344,0.4466145833333333,0.02931856835728568,0.40625,0.03197403426512676,0.04036458333333333,0.00813150781041458,0.5,0.00390625,0.5338541666666666,0.02931856835728568,-0.03385416666666666,0.02600909421281012,0.4645669291338583,0.01968503937007873,0.573490813648294,0.01265570966009571,-0.10892388451443567,0.00909213022345867,11.854300753442423,0.26898512282799736,0.14462991809295597,0.01263810201235745,0.250093599231542,0.00740215277295819,-0.10546368113858602,0.00742159166477708,2.222536691738117,0.1126220503311072,0.57421875,0.01033496605884605,0.5364583333333334,0.00983051358759212,0.03776041666666666,0.00451054897804395,13.953159731295372,0.4868016818312873,0.52486826493579,0.02474058730853768,0.5111709172937656,0.01301845785237605,0.01369734764202436,0.01181796658712925,-0.05887571632878501,0.00421011257995729,-0.10719378282651086,0.00457934489906853,9.343332392158638,0.24575687571067023,13.953159731295372,0.4868016818312873,5.556410412203433,0.40962628422957664,0.09477863320885926,0.08249822574192645,-0.03373015873015869,0.0967757809385492,0.00215472501118977,3.2711915425996846e-5,6.100279202294145e-5,4.279524640627651e-6,263.1419728597005,24.131482496982738,6.100279202294145e-5,4.279524640627651e-6,0.031142349614244,6.2544500644476e-4,9.7010672713319e-4,3.918149819919791e-5,-5.1314591429276e-4,8.463463959247853e-6,-1.3467715857421204e-6,6.14174031079343e-8,9.432809424456837,0.44847174137599743,1.5807187401864893,0.03891220222227398,0.031142349614244,6.2544500644476e-4,5.741487063157e-4,1.265827920091502e-5,3.668548212469128e-6,6.104945399176366e-8,5.8886216720566e-4,3.920947366621212e-5,0.17056372097338943,0.00699926645271209,9.66100915657826,0.4519904759732229,184858.8944226399,6316.233350335295,10762789.804551538,765666.0319073878,0.9354575163398694,0.05241508147825306,0.2559803858378336,0.43724678078860346,0.4344253084278709,0.20472414878568632,112953371674789580,83065193.79875563,3.3886011502436877e+17,3392921248907264,85045411030437.11,10178763746721792,0,0,0,4779041375928320,223047366448227.38,3832507489320960,0,1878465902417237.2,8407404375020.643,24703507406766080,18602688186939340,74110522220298240,137656879081555660,18602688270004364,412970637244667e3,668.7329278985659,18.801083231710265,2006.1987836956976,64,0,0,0,0,0,1,0,0,0,1,44.66145833333333,9.477863320885927,B_T
setting_2_medqa_medmcqa_reference_coverage_gamma_v1,SAFE,SAFE-(B_T),greedy_marginal,low_rank,sgd,adamw,B_T,"bbq,truthfulqa",reference,none,2,0.01,0,2e-4,0,NA,3,3,424344,0.421875,0.02376079113397742,0.40625,0.03197403426512676,0.015625,0.01033496605884605,0.4934895833333333,0.00983051358759212,0.5338541666666666,0.02931856835728568,-0.04036458333333333,0.0222118777463958,0.46062992125984253,0.00393700787401574,0.573490813648294,0.01265570966009571,-0.1128608923884514,0.00990791920639204,11.759585811918695,0.405713148132745,0.1521459149522211,0.00851563896036346,0.250093599231542,0.00740215277295819,-0.09794768427932088,0.00556487100248162,2.134209825443001,0.08024582126950112,0.5611979166666666,0.02957764763437642,0.5364583333333334,0.00983051358759212,0.02473958333333333,0.02151394745033633,13.757463366621067,0.6978903573054978,0.5315184311899465,0.0173174498126892,0.5111709172937656,0.01301845785237605,0.02034751389618074,0.00493205722422712,-0.06202299777814632,0.00281202263304187,-0.10540428833388615,0.00659113267419309,9.217086334660925,0.3700022900564908,13.757463366621067,0.6978903573054978,5.484812727513596,0.4714926361715463,0.07629640295537993,0.10750303467497375,-0.05119047619047615,0.08045188418510933,0.00865618375142415,1.0196165542969e-4,9.99772391392265e-5,7.416990702293279e-6,267.23113505045575,25.70222983068905,9.99772391392265e-5,7.416990702293279e-6,0.04175569934025741,0.00185296696446541,0.00174582741844157,1.5281006515687e-4,-4.7774060572326e-4,2.3550203270134455e-5,3.346375926287712e-5,9.26466188411926e-7,5.794526632356767,0.3909468007360914,0.10693331041129343,0.00365026975682965,0.04175569934025741,0.00185296696446541,5.7771784486249e-4,2.5924021552524554e-5,4.004464699391974e-6,4.4563536469338937e-8,5.9040480603774e-4,2.7327443553559683e-5,0.1056748010508523,0.00372231040476176,5.914083439766716,0.18036759585759177,11608.407116231368,304.1089493002862,662863.4014645327,17441.502257484477,0.94281045751634,0.06307803315999222,0.17099639201419237,0.5627314338711378,0.47690452631217545,0.24257598639279868,112953371674789580,83065193.79875563,3.3886011502436877e+17,3290476602359808,117922754771686.64,9871429807079424,0,0,0,4779041375928320,223047366448227.38,3832507489320960,0,1878465902417237.2,8407404375020.643,24601062760218624,18629752254259520,73803188280655870,1.3755443443500819e+17,18629752337324676,412663303305024640,651.6115563573936,28.243377971558967,1954.834669072181,64,0,0,1,0,1,1,0,0,0,1,42.1875,7.6296402955379925,B_T
setting_2_medqa_medmcqa_reference_coverage_gamma_v1,SAFE,SAFE-(B_T),greedy_marginal,low_rank,sgd,adamw,B_T,"bbq,truthfulqa",reference,none,1,0.1,0,2e-4,0,NA,3,3,424344,0.4544270833333333,0.02771327689295932,0.40625,0.03197403426512676,0.04817708333333333,0.01193379087228083,0.51953125,0.0140841846697812,0.5338541666666666,0.02931856835728568,-0.01432291666666666,0.04302789490067267,0.4908136482939633,0.04546065111729338,0.573490813648294,0.01265570966009571,-0.08267716535433067,0.03877503071573272,11.747699993697571,0.7651174730200793,0.14891658159853546,0.01803736422254191,0.250093599231542,0.00740215277295819,-0.1011770176330065,0.01650531879155803,2.256621784655628,0.05178592421533241,0.5924479166666666,0.00225527448902197,0.5364583333333334,0.00983051358759212,0.05598958333333333,0.01193379087228083,13.641040897203816,0.5440111546622249,0.5299072580981191,0.02367472769687055,0.5111709172937656,0.01301845785237605,0.01873634080435343,0.01065725713323437,-0.04262153321800128,0.01861152041085801,-0.09192709149366858,0.023367830715808,9.215120891852338,0.40500114523062974,13.641040897203816,0.5440111546622249,5.506366143564054,0.3641750521140135,0.10141690595508056,0.08025623630651094,0.02579365079365081,0.0891533410264324,0.00432809187571207,5.098082771484539e-5,2.4994309784806e-4,1.8542476755733192e-5,267.23113505045575,25.70222983068905,2.4994309784806e-4,1.8542476755733192e-5,0.03781247182083689,0.00108769049324035,0.00143057173894097,8.17490323764858e-5,-6.342552529838e-4,2.852538817039668e-5,4.688422583353005e-6,2.6048657417441053e-7,3.542004219023856,0.1008052801981727,0.4997273578051714,0.0158832693439236,0.03781247182083689,0.00108769049324035,8.8419835083186e-4,4.590915200382637e-5,4.678633407214268e-6,3.9422636676810544e-8,5.9438397875055e-4,2.755992364525644e-5,0.04188248254494157,0.00131387823614397,2.3815024675204963,0.0692836348324339,45754.99266205816,1026.9454349053694,2655980.8695300394,87875.35245523303,0.8382352941176472,0.13664078298790544,0.5699109339076959,0.18753856182481088,0.5375373458198413,0.4361933210169046,112953371674789580,83065193.79875563,3.3886011502436877e+17,3484170970595328,92395385450680.78,10452512911785984,0,0,0,4779041375928320,223047366448227.38,3832507489320960,0,1878465902417237.2,8407404375020.643,24794757128454144,18626477973070656,74384271385362430,137748128803243710,18626478056135328,413244386409731200,659.6934170524279,17.693034975444853,1979.080251157284,64,0,0,1,0,1,1,0,0,0,1,45.44270833333333,10.141690595508056,B_T
setting_2_medqa_medmcqa_reference_coverage_gamma_v1,SAFE,SAFE-(B_T),greedy_marginal,low_rank,sgd,adamw,B_T,"bbq,truthfulqa",reference,none,0.5,1,0,2e-4,0,NA,3,3,424344,0.45703125,0.02439452343124374,0.40625,0.03197403426512676,0.05078125,0.0078125,0.5338541666666666,0.01966102717518424,0.5338541666666666,0.02931856835728568,0,0.0333750146301466,0.4986876640419948,0.02981054249763921,0.573490813648294,0.01265570966009571,-0.0748031496062992,0.034992891406754253,11.885576727092008,0.1788174667480895,0.14488004286277698,0.01685327084934478,0.250093599231542,0.00740215277295819,-0.10521355636876502,0.01958375299795847,2.225482348642983,0.06336407650712488,0.5963541666666666,0.00596689543614041,0.5364583333333334,0.00983051358759212,0.05989583333333333,0.01578692142315383,13.808942569626703,0.4616441206380177,0.5240612786152987,0.02626659881445981,0.5111709172937656,0.01301845785237605,0.01289036132153304,0.01387631498378342,-0.04004029088057696,0.02308690333295744,-0.09000835298753211,0.02695795641281515,9.306667215120564,0.12396002025206156,13.808942569626703,0.4616441206380177,5.554516135110455,0.26761131409421884,0.08323084110578904,0.10362613198114376,-0.02063492063492063,0.0928367906064092,0.00216957082748413,1.934391188630749e-5,6.3036589474453e-4,5.250690373898789e-5,268.1369374593099,26.724397584889314,6.3036589474453e-4,5.250690373898789e-5,1397.7528169795212,10.605137373971322,1953787.9166666667,29710.3549628885,-4.5555498549367e-4,1.981497291728732e-5,-2.380526668642753e-6,1.149387619984211e-7,1.7243493607234752,0.03010212649180282,2.0121470695855272,0.06492457140924632,1397.7528169795212,10.605137373971322,0.00108592088023821,7.225712106186779e-5,4.73417018535353e-6,7.993258411627007e-8,5.8487480661521e-4,2.1038243162516477e-5,0.01625820032123152,9.1125241106716e-4,0.9305480953814256,0.05050023779322323,179772.06873206017,5783.6965699748325,10482894.549550248,117057.91439677484,0.9452614379084968,0.04282791641202994,0.37139207093069126,0.3682416251250238,0.5730481123542086,0.3629957253936681,112953371674789580,83065193.79875563,3.3886011502436877e+17,3662513882464256,19531511624811.258,10987541647392768,0,0,0,4779041375928320,223047366448227.38,3832507489320960,0,1878465902417237.2,8407404375020.643,24973100040323072,18552427136434972,74919300120969220,137926471715112660,18552427219499396,413779415145338e3,679.7533597362539,13.028098266547683,2039.2600792087617,64,0,0,0,0,0,1,0,1,0,1,45.703125,8.323084110578904,B_T
setting_2_medqa_medmcqa_reference_coverage_gamma_v1,SAFE,SAFE-(B_T),greedy_marginal,low_rank,sgd,adamw,B_T,"bbq,truthfulqa",reference,none,2,0.1,0,2e-4,0,NA,3,3,424344,0.4505208333333333,0.01371829915736033,0.40625,0.03197403426512676,0.04427083333333333,0.02600909421281012,0.5598958333333334,0.00451054897804395,0.5338541666666666,0.02931856835728568,0.02604166666666666,0.02480801937924173,0.5236220472440944,0.00393700787401574,0.573490813648294,0.01265570966009571,-0.04986876640419949,0.01382631726096157,11.752916463716764,0.3340264713826602,0.15374289092047078,0.0137800168258565,0.250093599231542,0.00740215277295819,-0.09635070831107122,0.01673911339498657,2.2491624109925903,0.07220959703734002,0.5963541666666666,0.00596689543614041,0.5364583333333334,0.00983051358759212,0.05989583333333333,0.00813150781041458,13.8168023907476,0.31938774035497136,0.5248071957007259,0.02261397533887971,0.5111709172937656,0.01301845785237605,0.01363627840696019,0.00979048262047422,-0.02877454712731245,0.00904288709057995,-0.07310973735763536,0.01042083498870426,9.2729604218189845,0.22000829472945205,13.8168023907476,0.31938774035497136,5.554847121013954,0.35637120353927526,0.02098336635831428,0.10400225965730944,0.01190476190476193,0.06628290908130978,0.00865618375142415,1.0196165542969e-4,9.9977239139226e-4,7.416990702293277e-5,267.23113505045575,25.70222983068905,9.9977239139226e-4,7.416990702293277e-5,0.07151866428580606,0.00331182733727866,0.00512223147476712,4.7051324603792e-4,-6.8795039369565e-4,3.778816306575606e-5,2.9869407552387405e-5,1.1217647502025002e-6,1.6889436549684858,0.02207637244719774,0.20298070073846045,0.01109153130109438,0.07151866428580606,0.00331182733727866,0.00168772278508792,1.098898677398e-4,7.598816409881692e-6,2.3939857116725946e-7,5.906136551251e-4,2.68975492247688e-5,0.01046052354178825,3.0605702094206e-4,0.5916583543326019,0.01929018813203983,11471.806522695691,334.311783616414,662284.3914377061,20709.004513473483,0.9330065359477124,0.04494949249502918,0.4591167563965418,0.4128975328826078,0.1532977285621965,0.5785755867875058,112953371674789580,83065193.79875563,3.3886011502436877e+17,3534908365193216,91274491741951.56,10604725095579648,0,0,0,4779041375928320,223047366448227.38,3832507489320960,0,1878465902417237.2,8407404375020.643,24845494523052032,18621235249705644,74536483569156100,137798866197841620,18621235332770472,413396598593524860,657.464602370436,14.516684920586208,1972.393807111308,64,0,0,1,0,1,1,0,1,0,1,45.05208333333333,2.098336635831428,B_T
setting_2_medqa_medmcqa_reference_coverage_gamma_v1,SAFE,SAFE-(B_T),greedy_marginal,low_rank,sgd,adamw,B_T,"bbq,truthfulqa",reference,none,1,1,0,2e-4,0,NA,3,3,424344,0.4557291666666667,0.01478882381718821,0.40625,0.03197403426512676,0.04947916666666666,0.03412849589083634,0.55078125,0.03050878779651036,0.5338541666666666,0.02931856835728568,0.01692708333333333,0.05274642994929451,0.520997375328084,0.0461375218667899,0.573490813648294,0.01265570966009571,-0.05249343832020994,0.05374171976231828,12.219901209219652,0.19029441832506688,0.15183863007351803,0.01491412710955336,0.250093599231542,0.00740215277295819,-0.09825496915802394,0.01782380504479776,2.3031631868048086,0.10905848209544448,0.5989583333333334,0.02386758174456166,0.5364583333333334,0.00983051358759212,0.0625,0.02376079113397742,14.22587694062127,0.15235660694823214,0.5272420221963882,0.01929593383433649,0.5111709172937656,0.01301845785237605,0.01607110490262255,0.00883991704970551,-0.02941613582607796,0.02707269560169944,-0.07537420373911695,0.0348983899114606,9.582980445548577,0.10665618448839312,14.22587694062127,0.15235660694823214,5.714312575551479,0.1964169226795357,0.07762495355517963,0.07051067201309309,0.01190476190476193,0.06628290908130978,0.00432809187571207,5.098082771484539e-5,0.00249943097848066,1.8542476755733e-4,267.23113505045575,25.70222983068905,0.00249943097848066,1.8542476755733e-4,1719.663334061639,92.0381780893707,2962889.3333333335,319114.6371784297,5.3252263720699e-4,1.5684019946491223e-5,1.5964874179713252e-6,5.305613788804931e-7,0.7864069958208257,0.01124574391252258,0.8303826151783866,0.05217340804929846,1719.663334061639,92.0381780893707,0.00196690834127366,1.7184675292132e-4,7.770568572595948e-6,3.1046770364311197e-7,5.9242117761944e-4,1.87037812159778e-5,0.00421943347964921,1.2164572887069e-4,0.23754676059343585,0.01062220609404658,45930.37657363971,1253.78945905172,2649352.3704268117,26655.102531673823,0.8848039215686275,0.02547133540542464,0.25917468994051285,0.5053544014041547,0.25956310924344655,0.357153901746073,112953371674789580,83065193.79875563,3.3886011502436877e+17,3689586757681152,34497108140540.215,11068760273043456,0,0,0,4779041375928320,223047366448227.38,3832507489320960,0,1878465902417237.2,8407404375020.643,25000172915539968,18572587354872836,75000518746619900,137953544590329570,18572587437937036,413860633770988700,685.7061354505519,12.55784594489803,2057.1184063516557,64,0,1,1,1,1,1,0,1,0,1,45.57291666666667,7.762495355517964,B_T
setting_2_medqa_medmcqa_reference_coverage_gamma_v1,SAFE,SAFE-(B_T),greedy_marginal,low_rank,sgd,adamw,B_T,"bbq,truthfulqa",reference,none,2,1,0,2e-4,0,NA,3,3,424344,0.4322916666666667,0.02480801937924173,0.40625,0.03197403426512676,0.02604166666666666,0.03608439182435161,0.5963541666666666,0.03712650372235222,0.5338541666666666,0.02931856835728568,0.0625,0.04800080362283011,0.6062992125984251,0.04147895178288478,0.573490813648294,0.01265570966009571,0.03280839895013125,0.02954942322624069,11.895414892248384,0.5199732980627735,0.1726638411877237,0.02680970726704499,0.250093599231542,0.00740215277295819,-0.07742975804381828,0.025804670167255,2.1339502375699477,0.1493488376865719,0.5794270833333334,0.03712650372235222,0.5364583333333334,0.00983051358759212,0.04296875,0.02734375,13.961509454581474,0.32848277336082254,0.5322893489003891,0.02171381471144564,0.5111709172937656,0.01301845785237605,0.0211184316066235,0.01285861575855024,-5.5086969789567e-4,0.01059662705121241,-0.02231067954684352,0.01514535957180094,9.330291528133268,0.331394140156139,13.961509454581474,0.32848277336082254,5.52091466248515,0.09942036870265974,-0.00122884956987258,0.0844652258716175,-0.00396825396825395,0.08935182737458496,0.00865618375142415,1.0196165542969e-4,0.00999772391392265,7.4169907022932e-4,267.23113505045575,25.70222983068905,0.00999772391392265,7.4169907022932e-4,4895.625663539858,226.86789930460603,24001463.333333332,2232681.6917100684,0.00664514339949661,5.5242037691169e-4,2.4402639839503132e-5,1.1245849321625488e-6,0.3356418252677735,0.0063304734479942,0.34893662332496206,0.01489780485023443,4895.625663539858,226.86789930460603,0.00335258051442603,1.8971669666834e-4,1.3065584122765964e-5,2.725014151909109e-7,5.7829066645354e-4,2.7146263495616992e-5,0.00106692119356137,2.1418872708477137e-5,0.05793390353823013,0.00209547533270286,11634.055113463866,317.7258245181056,630370.1852551686,4215.938997134909,0.9125816993464054,0.04303780127799322,-0.04936326227053336,0.5937970213019056,0.13773425365483072,0.8212599403741835,112953371674789580,83065193.79875563,3.3886011502436877e+17,3429249334280192,33546720069433.14,10287748002840576,0,0,0,4779041375928320,223047366448227.38,3832507489320960,0,1878465902417237.2,8407404375020.643,24739835492139008,18569757285422572,74219506476417020,1.3769320716692861e+17,18569757368486444,413079621500785800,687.4551919288933,8.250775126052911,2062.36557578668,64,0,1,1,1,1,1,0,1,0,1,43.22916666666667,-0.122884956987258,B_T
setting_2_medqa_medmcqa_reference_coverage_gamma_v1,SAFE,SAFE-(B_K),greedy_marginal,low_rank,sgd,adamw,B_K,"bbq,mmlu_non_medical",reference,none,0.5,0.01,0,2e-4,0,NA,3,3,424344,0.4192708333333333,0.02658929408419549,0.40625,0.03197403426512676,0.01302083333333333,0.02743659831472067,0.4518229166666667,0.05583797302706137,0.5338541666666666,0.02931856835728568,-0.08203125,0.02949154076277636,0.421259842519685,0.05511811023622049,0.573490813648294,0.01265570966009571,-0.15223097112860892,0.064970571099667,12.09393169289603,0.472119138821693,0.14335924269998743,0.02187061831840441,0.250093599231542,0.00740215277295819,-0.10673435653155454,0.02037732888644686,2.2150473666108947,0.140903410472161,0.5442708333333334,0.03833966631337358,0.5364583333333334,0.00983051358759212,0.0078125,0.03847210078826603,14.043408954309092,0.3639675445963492,0.5290558696259073,0.02584449584699476,0.5111709172937656,0.01301845785237605,0.01788495233214162,0.01334239480224912,-0.08371760922005449,0.03666759755995982,-0.07220923556430446,0.05171902980441155,9.45079600460534,0.3252403185511888,14.043408954309092,0.3639675445963492,5.6166342350332625,0.06822684169503475,0.12638087567711484,0.10840254762802616,-0.067063492063492,0.09657054021068498,0.00216207224527994,2.8153260771150594e-5,7.343761156008035e-6,2.2002815693444577e-6,315.769770304362,102.31486093183966,7.343761156008035e-6,2.2002815693444577e-6,0.03111625204181519,0.00608795892522493,9.9292997037991e-4,4.0012306629198e-4,-5.0414504817189e-4,2.1692568008207e-4,-1.126435140835577e-6,4.052090655648238e-8,68.10305463487121,8.505303321018035,1.4821216113276552,0.02180379418972696,0.03111625204181519,0.00608795892522493,5.114888093279e-4,2.1910924759151e-4,3.463977539771198e-6,7.092414358584475e-8,0.00118105920652548,4.589986310843625e-5,3.012430346938108,0.7277837160430651,168.60149604681328,39.27269477669375,184927.2826138148,4971.333622988575,10649281.25759668,401935.32679976424,0.9632352941176472,0.027621146248982,0.35271963288622615,0.5925391034442561,0.2735942272227078,0.3491845136334135,112953371674789580,83065193.79875563,3.3886011502436877e+17,3190525874716672,40741331525009.61,9571577624150016,0,0,0,4779041375928320,223047366448227.38,3832507489320960,0,1878465902417237.2,8407404375020.643,24501112032575488,18567607585777644,73503336097726460,137454483707365090,18567607668842328,4.1236345112209523e+17,682.1019433333228,29.16998541473948,2046.3058299999684,64,0,0,0,0,0,0,0,0,0,1,41.92708333333333,12.638087567711484,B_K
setting_2_medqa_medmcqa_reference_coverage_gamma_v1,SAFE,SAFE-(B_K),greedy_marginal,low_rank,sgd,adamw,B_K,"bbq,mmlu_non_medical",reference,none,1,0.01,0,2e-4,0,NA,3,3,424344,0.4270833333333333,0.04355658511374409,0.40625,0.03197403426512676,0.02083333333333333,0.02354575692711604,0.4869791666666667,0.03034161509825792,0.5338541666666666,0.02931856835728568,-0.046875,0.04736076426946149,0.4540682414698163,0.02561577597892798,0.573490813648294,0.01265570966009571,-0.11942257217847768,0.01818426044691734,11.969479130321917,0.36232352011546626,0.14025263574840832,0.01212694645195166,0.250093599231542,0.00740215277295819,-0.10984096348313364,0.00563632970763473,2.2781269446220627,0.18866642814122273,0.5611979166666666,0.01578692142315383,0.5364583333333334,0.00983051358759212,0.02473958333333333,0.00596689543614041,13.938335926168495,0.2672513296517495,0.53162116813337,0.02662362180314599,0.5111709172937656,0.01301845785237605,0.02045025083960433,0.0137472410656531,-0.06817465077609267,0.00970703057375088,-0.04734149442257217,0.01195118888003905,9.395314000370824,0.17023105707861175,13.938335926168495,0.2672513296517495,5.623169969432074,0.27987192638167746,0.06681734913330155,0.0932373289625814,-0.0829365079365079,0.11700832706120916,0.00432809187571207,5.098082771484539e-5,2.4994309784806624e-5,1.85424767557332e-6,267.23113505045575,25.70222983068905,2.4994309784806624e-5,1.85424767557332e-6,0.02976618603058339,7.5273168608938e-4,8.8640356746812e-4,4.449293831093583e-5,-4.1567572203654e-4,1.2419694804775111e-5,5.74669773382771e-6,2.494703499297259e-7,17.688561528275798,1.2516494079480986,0.3866884882990458,0.01216042518913384,0.02976618603058339,7.5273168608938e-4,4.4067003182135e-4,1.2965485637485818e-5,3.620358256739564e-6,3.15475550502777e-8,0.00116291479207575,1.900718724110777e-5,0.8319542659028446,0.05545578698224318,46.67261919632739,2.970370173094663,45591.5129603832,1224.05794389518,2633651.095436379,87353.0508706593,0.9477124183006538,0.01257745450844826,0.1478351373262371,0.48434035482316606,0.27359422722270776,0.2632455994200759,112953371674789580,83065193.79875563,3.3886011502436877e+17,3213442218426368,91243671186519.66,9640326655279104,0,0,0,4779041375928320,223047366448227.38,3832507489320960,0,1878465902417237.2,8407404375020.643,24524028376285184,18599859750659412,73572085128855550,137477400051074750,18599859833724528,412432200153224300,664.048330216979,16.30475465264346,1992.144990650937,64,0,0,1,0,1,1,0,0,0,1,42.70833333333333,6.681734913330155,B_K
setting_2_medqa_medmcqa_reference_coverage_gamma_v1,SAFE,SAFE-(B_K),greedy_marginal,low_rank,sgd,adamw,B_K,"bbq,mmlu_non_medical",reference,none,0.5,0.1,0,2e-4,0,NA,3,3,424344,0.4466145833333333,0.02931856835728568,0.40625,0.03197403426512676,0.04036458333333333,0.00813150781041458,0.5,0.00390625,0.5338541666666666,0.02931856835728568,-0.03385416666666666,0.02600909421281012,0.4645669291338583,0.01968503937007873,0.573490813648294,0.01265570966009571,-0.10892388451443567,0.00909213022345867,11.854300753442423,0.26898512282799736,0.14462991809295597,0.01263810201235745,0.250093599231542,0.00740215277295819,-0.10546368113858602,0.00742159166477708,2.222536691738117,0.1126220503311072,0.57421875,0.01033496605884605,0.5364583333333334,0.00983051358759212,0.03776041666666666,0.00451054897804395,13.953159731295372,0.4868016818312873,0.52486826493579,0.02474058730853768,0.5111709172937656,0.01301845785237605,0.01369734764202436,0.01181796658712925,-0.05887571632878501,0.00421011257995729,-0.03558173392388451,0.00680133960075131,9.343332392158638,0.24575687571067023,13.953159731295372,0.4868016818312873,5.556410412203433,0.40962628422957664,0.09477863320885926,0.08249822574192645,-0.03373015873015869,0.0967757809385492,0.00215472501118977,3.2711915425996846e-5,6.100279202294145e-5,4.279524640627651e-6,263.1419728597005,24.131482496982738,6.100279202294145e-5,4.279524640627651e-6,0.031142349614244,6.2544500644476e-4,9.7010672713319e-4,3.918149819919791e-5,-5.1314591429276e-4,8.463463959247853e-6,-1.3467715857421204e-6,6.14174031079343e-8,9.432809424456837,0.44847174137599743,1.5807187401864893,0.03891220222227398,0.031142349614244,6.2544500644476e-4,5.741487063157e-4,1.265827920091502e-5,3.668548212469128e-6,6.104945399176366e-8,0.00117242247021446,5.034869110337512e-5,0.34271263676222596,0.01390737580206605,19.244165148520253,0.5682115856050217,184858.8944226399,6316.233350335295,10762789.804551538,765666.0319073878,0.9354575163398694,0.05241508147825306,0.2559803858378336,0.43724678078860346,0.4344253084278709,0.20472414878568632,112953371674789580,83065193.79875563,3.3886011502436877e+17,3392921248907264,85045411030437.11,10178763746721792,0,0,0,4779041375928320,223047366448227.38,3832507489320960,0,1878465902417237.2,8407404375020.643,24703507406766080,18602688186939340,74110522220298240,137656879081555660,18602688270004364,412970637244667e3,660.9538670877615,27.327164261482277,1982.861601263285,64,0,0,0,0,0,1,0,0,0,1,44.66145833333333,9.477863320885927,B_K
setting_2_medqa_medmcqa_reference_coverage_gamma_v1,SAFE,SAFE-(B_K),greedy_marginal,low_rank,sgd,adamw,B_K,"bbq,mmlu_non_medical",reference,none,2,0.01,0,2e-4,0,NA,3,3,424344,0.421875,0.02376079113397742,0.40625,0.03197403426512676,0.015625,0.01033496605884605,0.4934895833333333,0.00983051358759212,0.5338541666666666,0.02931856835728568,-0.04036458333333333,0.0222118777463958,0.46062992125984253,0.00393700787401574,0.573490813648294,0.01265570966009571,-0.1128608923884514,0.00990791920639204,11.759585811918695,0.405713148132745,0.1521459149522211,0.00851563896036346,0.250093599231542,0.00740215277295819,-0.09794768427932088,0.00556487100248162,2.134209825443001,0.08024582126950112,0.5611979166666666,0.02957764763437642,0.5364583333333334,0.00983051358759212,0.02473958333333333,0.02151394745033633,13.757463366621067,0.6978903573054978,0.5315184311899465,0.0173174498126892,0.5111709172937656,0.01301845785237605,0.02034751389618074,0.00493205722422712,-0.06202299777814632,0.00281202263304187,-0.04406065452755903,0.00624576102960127,9.217086334660925,0.3700022900564908,13.757463366621067,0.6978903573054978,5.484812727513596,0.4714926361715463,0.07629640295537993,0.10750303467497375,-0.05119047619047615,0.08045188418510933,0.00865618375142415,1.0196165542969e-4,9.99772391392265e-5,7.416990702293279e-6,267.23113505045575,25.70222983068905,9.99772391392265e-5,7.416990702293279e-6,0.04175569934025741,0.00185296696446541,0.00174582741844157,1.5281006515687e-4,-4.7774060572326e-4,2.3550203270134455e-5,3.346375926287712e-5,9.26466188411926e-7,5.794526632356767,0.3909468007360914,0.10693331041129343,0.00365026975682965,0.04175569934025741,0.00185296696446541,5.7771784486249e-4,2.5924021552524554e-5,4.004464699391974e-6,4.4563536469338937e-8,0.00117990634559343,2.8656922739285125e-5,0.21249090949666563,0.01469486590390448,11.835507557465618,0.7054267671616953,11608.407116231368,304.1089493002862,662863.4014645327,17441.502257484477,0.94281045751634,0.06307803315999222,0.17099639201419237,0.5627314338711378,0.47690452631217545,0.24257598639279868,112953371674789580,83065193.79875563,3.3886011502436877e+17,3290476602359808,117922754771686.64,9871429807079424,0,0,0,4779041375928320,223047366448227.38,3832507489320960,0,1878465902417237.2,8407404375020.643,24601062760218624,18629752254259520,73803188280655870,1.3755443443500819e+17,18629752337324676,412663303305024640,671.7680292135725,24.12409758092028,2015.3040876407176,64,0,0,1,0,1,1,0,0,0,1,42.1875,7.6296402955379925,B_K
setting_2_medqa_medmcqa_reference_coverage_gamma_v1,SAFE,SAFE-(B_K),greedy_marginal,low_rank,sgd,adamw,B_K,"bbq,mmlu_non_medical",reference,none,1,0.1,0,2e-4,0,NA,3,3,424344,0.4544270833333333,0.02771327689295932,0.40625,0.03197403426512676,0.04817708333333333,0.01193379087228083,0.51953125,0.0140841846697812,0.5338541666666666,0.02931856835728568,-0.01432291666666666,0.04302789490067267,0.4908136482939633,0.04546065111729338,0.573490813648294,0.01265570966009571,-0.08267716535433067,0.03877503071573272,11.747699993697571,0.7651174730200793,0.14891658159853546,0.01803736422254191,0.250093599231542,0.00740215277295819,-0.1011770176330065,0.01650531879155803,2.256621784655628,0.05178592421533241,0.5924479166666666,0.00225527448902197,0.5364583333333334,0.00983051358759212,0.05598958333333333,0.01193379087228083,13.641040897203816,0.5440111546622249,0.5299072580981191,0.02367472769687055,0.5111709172937656,0.01301845785237605,0.01873634080435343,0.01065725713323437,-0.04262153321800128,0.01861152041085801,-0.01334379101049867,0.02261509857260229,9.215120891852338,0.40500114523062974,13.641040897203816,0.5440111546622249,5.506366143564054,0.3641750521140135,0.10141690595508056,0.08025623630651094,0.02579365079365081,0.0891533410264324,0.00432809187571207,5.098082771484539e-5,2.4994309784806e-4,1.8542476755733192e-5,267.23113505045575,25.70222983068905,2.4994309784806e-4,1.8542476755733192e-5,0.03781247182083689,0.00108769049324035,0.00143057173894097,8.17490323764858e-5,-6.342552529838e-4,2.852538817039668e-5,4.688422583353005e-6,2.6048657417441053e-7,3.542004219023856,0.1008052801981727,0.4997273578051714,0.0158832693439236,0.03781247182083689,0.00108769049324035,8.8419835083186e-4,4.590915200382637e-5,4.678633407214268e-6,3.9422636676810544e-8,0.00118261323465655,3.5569197180379396e-5,0.08412112709790516,0.00531124999088137,4.745780295874133,0.3114963524264085,45754.99266205816,1026.9454349053694,2655980.8695300394,87875.35245523303,0.8382352941176472,0.13664078298790544,0.5699109339076959,0.18753856182481088,0.5375373458198413,0.4361933210169046,112953371674789580,83065193.79875563,3.3886011502436877e+17,3484170970595328,92395385450680.78,10452512911785984,0,0,0,4779041375928320,223047366448227.38,3832507489320960,0,1878465902417237.2,8407404375020.643,24794757128454144,18626477973070656,74384271385362430,137748128803243710,18626478056135328,413244386409731200,676.4399615700046,5.434251683306702,2029.319884710014,64,0,0,1,0,1,1,0,0,0,1,45.44270833333333,10.141690595508056,B_K
setting_2_medqa_medmcqa_reference_coverage_gamma_v1,SAFE,SAFE-(B_K),greedy_marginal,low_rank,sgd,adamw,B_K,"bbq,mmlu_non_medical",reference,none,0.5,1,0,2e-4,0,NA,3,3,424344,0.45703125,0.02439452343124374,0.40625,0.03197403426512676,0.05078125,0.0078125,0.5338541666666666,0.01966102717518424,0.5338541666666666,0.02931856835728568,0,0.0333750146301466,0.4986876640419948,0.02981054249763921,0.573490813648294,0.01265570966009571,-0.0748031496062992,0.034992891406754253,11.885576727092008,0.1788174667480895,0.14488004286277698,0.01685327084934478,0.250093599231542,0.00740215277295819,-0.10521355636876502,0.01958375299795847,2.225482348642983,0.06336407650712488,0.5963541666666666,0.00596689543614041,0.5364583333333334,0.00983051358759212,0.05989583333333333,0.01578692142315383,13.808942569626703,0.4616441206380177,0.5240612786152987,0.02626659881445981,0.5111709172937656,0.01301845785237605,0.01289036132153304,0.01387631498378342,-0.04004029088057696,0.02308690333295744,-0.00745365813648293,0.02532604323904932,9.306667215120564,0.12396002025206156,13.808942569626703,0.4616441206380177,5.554516135110455,0.26761131409421884,0.08323084110578904,0.10362613198114376,-0.02063492063492063,0.0928367906064092,0.00216957082748413,1.934391188630749e-5,6.3036589474453e-4,5.250690373898789e-5,268.1369374593099,26.724397584889314,6.3036589474453e-4,5.250690373898789e-5,1397.7528169795212,10.605137373971322,1953787.9166666667,29710.3549628885,-4.5555498549367e-4,1.981497291728732e-5,-2.380526668642753e-6,1.149387619984211e-7,1.7243493607234752,0.03010212649180282,2.0121470695855272,0.06492457140924632,1397.7528169795212,10.605137373971322,0.00108592088023821,7.225712106186779e-5,4.73417018535353e-6,7.993258411627007e-8,0.00116803159471601,1.3863698151918598e-5,0.03265273317109683,0.00230217592481195,1.8611440607785024,0.14927206296694223,179772.06873206017,5783.6965699748325,10482894.549550248,117057.91439677484,0.9452614379084968,0.04282791641202994,0.37139207093069126,0.3682416251250238,0.5730481123542086,0.3629957253936681,112953371674789580,83065193.79875563,3.3886011502436877e+17,3662513882464256,19531511624811.258,10987541647392768,0,0,0,4779041375928320,223047366448227.38,3832507489320960,0,1878465902417237.2,8407404375020.643,24973100040323072,18552427136434972,74919300120969220,137926471715112660,18552427219499396,413779415145338e3,669.4260214387128,31.771912954601294,2008.2780643161384,64,0,0,0,0,0,1,0,0,0,1,45.703125,8.323084110578904,B_K
setting_2_medqa_medmcqa_reference_coverage_gamma_v1,SAFE,SAFE-(B_K),greedy_marginal,low_rank,sgd,adamw,B_K,"bbq,mmlu_non_medical",reference,none,2,0.1,0,2e-4,0,NA,3,3,424344,0.4505208333333333,0.01371829915736033,0.40625,0.03197403426512676,0.04427083333333333,0.02600909421281012,0.5481770833333334,0.01846021729004925,0.5338541666666666,0.02931856835728568,0.01432291666666666,0.03912755000342895,0.5078740157480315,0.02755905511811022,0.573490813648294,0.01265570966009571,-0.06561679790026248,0.01591122789105268,11.93522790222969,0.4577915978165728,0.1528372375719114,0.01268787591562663,0.250093599231542,0.00740215277295819,-0.0972563616596306,0.01625098352852848,2.300789484309138,0.13855176096294328,0.6002604166666666,0.00225527448902197,0.5364583333333334,0.00983051358759212,0.06380208333333333,0.01193379087228083,13.940963470273546,0.5054423743675501,0.5264822375767727,0.0233807875633083,0.5111709172937656,0.01301845785237605,0.01531132028300709,0.01114129436964802,-0.03302369207551991,0.00587381310890072,-9.0735728346457e-4,0.00303070429385999,9.39232695227079,0.3602041010307241,13.940963470273546,0.5054423743675501,5.618510621892501,0.46450781833643445,0.02013611387707488,0.10401764820705364,0.01190476190476193,0.06628290908130978,0.00862335840861002,1.26007560259e-4,0.00117137793526091,3.3457392090507e-4,316.4954783121745,97.41106766020214,0.00117137793526091,3.3457392090507e-4,0.07449244948168245,0.00659999008880698,0.00557816494256258,9.8415826995139e-4,-6.4247363327653e-4,5.690674087083532e-5,3.028059476270617e-5,1.2241732647729962e-6,1.5825443414782503,0.17956053333356167,0.18553541604225743,0.03108240645449853,0.07449244948168245,0.00659999008880698,0.00181385156853745,2.9203785989627e-4,6.905852994047261e-6,1.2106397703262817e-6,0.00117536316004892,2.4014801066109216e-5,0.01887292549669228,0.00495694704888122,1.0556273839275263,0.27440622776667795,11566.098937728646,311.62954658817796,660013.7104222547,16985.791194342662,0.9648692810457518,0.01497573756521515,0.5060616154865359,0.4401672396247151,-0.06530489263190009,0.3389966017103832,112953371722747330,83065193.79875563,338860115168241900,3542861195476992,90940691958017.72,10628583586430976,0,0,0,4779041375928320,223047366448227.38,3832507489320960,0,1878465902417237.2,8407404375020.643,35674018743528108,18639978365307040,107022056230584320,148627390466275420,18639978448371308,445882171398826240,672.3387069261322,4.081463936353151,2017.0161207783967,64,0,0,1,0,1,1,0,0.3333333333333333,0,1,45.05208333333333,2.013611387707488,B_K
setting_2_medqa_medmcqa_reference_coverage_gamma_v1,SAFE,SAFE-(B_K),greedy_marginal,low_rank,sgd,adamw,B_K,"bbq,mmlu_non_medical",reference,none,1,1,0,2e-4,0,NA,3,3,424344,0.4557291666666667,0.01478882381718821,0.40625,0.03197403426512676,0.04947916666666666,0.03412849589083634,0.55078125,0.03050878779651036,0.5338541666666666,0.02931856835728568,0.01692708333333333,0.05274642994929451,0.520997375328084,0.0461375218667899,0.573490813648294,0.01265570966009571,-0.05249343832020994,0.05374171976231828,12.219901209219652,0.19029441832506688,0.15183863007351803,0.01491412710955336,0.250093599231542,0.00740215277295819,-0.09825496915802394,0.01782380504479776,2.3031631868048086,0.10905848209544448,0.5989583333333334,0.02386758174456166,0.5364583333333334,0.00983051358759212,0.0625,0.02376079113397742,14.22587694062127,0.15235660694823214,0.5272420221963882,0.01929593383433649,0.5111709172937656,0.01301845785237605,0.01607110490262255,0.00883991704970551,-0.02941613582607796,0.02707269560169944,0.00500328083989503,0.03176927464006404,9.582980445548577,0.10665618448839312,14.22587694062127,0.15235660694823214,5.714312575551479,0.1964169226795357,0.07762495355517963,0.07051067201309309,0.01190476190476193,0.06628290908130978,0.00432809187571207,5.098082771484539e-5,0.00249943097848066,1.8542476755733e-4,267.23113505045575,25.70222983068905,0.00249943097848066,1.8542476755733e-4,1719.663334061639,92.0381780893707,2962889.3333333335,319114.6371784297,5.3252263720699e-4,1.5684019946491223e-5,1.5964874179713252e-6,5.305613788804931e-7,0.7864069958208257,0.01124574391252258,0.8303826151783866,0.05217340804929846,1719.663334061639,92.0381780893707,0.00196690834127366,1.7184675292132e-4,7.770568572595948e-6,3.1046770364311197e-7,0.00118207178699473,2.1329050403270853e-5,0.00847781352302992,5.3201595708243e-4,0.47474395323606927,0.03755592464867268,45930.37657363971,1253.78945905172,2649352.3704268117,26655.102531673823,0.8848039215686275,0.02547133540542464,0.25917468994051285,0.5053544014041547,0.25956310924344655,0.357153901746073,112953371674789580,83065193.79875563,3.3886011502436877e+17,3689586757681152,34497108140540.215,11068760273043456,0,0,0,4779041375928320,223047366448227.38,3832507489320960,0,1878465902417237.2,8407404375020.643,25000172915539968,18572587354872836,75000518746619900,137953544590329570,18572587437937036,413860633770988700,678.0646011152616,18.090417420493516,2034.1938033457843,64,0,1,1,1,1,1,0,1,0,1,45.57291666666667,7.762495355517964,B_K
setting_2_medqa_medmcqa_reference_coverage_gamma_v1,SAFE,SAFE-(B_K),greedy_marginal,low_rank,sgd,adamw,B_K,"bbq,mmlu_non_medical",reference,none,2,1,0,2e-4,0,NA,3,3,424344,0.4270833333333333,0.03034161509825792,0.40625,0.03197403426512676,0.02083333333333333,0.03252603124165832,0.59375,0.04115489747208101,0.5338541666666666,0.02931856835728568,0.05989583333333333,0.05245634655855127,0.589238845144357,0.06935543444474442,0.573490813648294,0.01265570966009571,0.015748031496063,0.05678033504667702,11.951455510924598,0.4438682287668389,0.18029801542440085,0.03961023932792185,0.250093599231542,0.00740215277295819,-0.0697955838071411,0.03752555629514776,2.109231225916506,0.18746560372224452,0.58984375,0.02376079113397742,0.5364583333333334,0.00983051358759212,0.05338541666666666,0.01478882381718821,13.92096271034744,0.38222105027173536,0.5247516604581781,0.01710505634403084,0.5111709172937656,0.01301845785237605,0.01358074316441243,0.0042322872270658,-2.2071188147047e-4,0.01011117237397836,0.03456672408136483,0.03011338158528207,9.327216482396182,0.33565100520474944,13.92096271034744,0.38222105027173536,5.491854499053452,0.0858981083426412,-0.01740532015810788,0.08502418609736548,-0.01785714285714283,0.07017753644375953,0.00862335840861002,1.26007560259e-4,0.01171377935260914,0.00334573920905076,316.4954783121745,97.41106766020214,0.01171377935260914,0.00334573920905076,4931.537127014632,227.4100862195996,24354535.333333332,2230464.2853758796,0.00744978219705703,0.00170513934808046,2.43162273402369e-5,1.1447070922654827e-6,0.3577469519181851,0.0350771153989952,0.34626197074873266,0.01593956247929251,4931.537127014632,227.4100862195996,0.0042639971555521,0.00165571608760279,1.2870220416516531e-5,5.039058889458385e-7,0.00114111427683383,3.0482573387998835e-5,0.00190261008027065,4.7814460092331e-4,0.10258769088987092,0.02716229022784997,11657.873374110732,337.25442868306294,628013.6162060377,8040.999287198438,0.8529411764705884,0.10859253880821432,0.12418744878236213,0.7258555065213683,-0.2222953096184501,1.0479721437304943,112953371722747330,83065193.79875563,338860115168241900,3442245422792704,21769646112492.46,10326736268378112,0,0,0,4779041375928320,223047366448227.38,3832507489320960,0,1878465902417237.2,8407404375020.643,35573402970843820,18576178155946416,106720208912531460,148526774693591140,18576178239009992,445580324080773400,694.6233618184924,27.48132179599261,2083.8700854554772,64,0,1,1,1,1,1,0,1,0,1,42.70833333333333,-1.740532015810788,B_K
setting_2_medqa_medmcqa_reference_coverage_gamma_v1,SAFE,SAFE-(T_K),greedy_marginal,low_rank,sgd,adamw,T_K,"truthfulqa,mmlu_non_medical",reference,none,0.5,0.01,0,2e-4,0,NA,3,3,424344,0.4166666666666667,0.02825850835183685,0.40625,0.03197403426512676,0.01041666666666666,0.02386758174456166,0.4505208333333333,0.05417355224665292,0.5338541666666666,0.02931856835728568,-0.08333333333333333,0.02743659831472067,0.41863517060367456,0.05242778046046766,0.573490813648294,0.01265570966009571,-0.15485564304461943,0.06179137725455932,12.141139067168416,0.4004949607675065,0.14500601756588705,0.02466672689545663,0.250093599231542,0.00740215277295819,-0.10508758166565496,0.02284903837360723,2.2317723481651064,0.11416317627494312,0.5416666666666666,0.03629520798116238,0.5364583333333334,0.00983051358759212,0.00520833333333333,0.03544442080420885,14.099884870979524,0.27457954058017947,0.5315684324399776,0.02742164334737972,0.5111709172937656,0.01301845785237605,0.02039751514621196,0.01585989826887379,-0.08491163045898033,0.03497677643635364,-0.0499396241661608,0.022906977208215,9.49093209543768,0.2628520148463162,14.099884870979524,0.27457954058017947,5.635520435289081,0.09885505167059538,0.12722812815835424,0.10713478797003896,-0.05317460317460313,0.12014572909891764,0.00216156333287556,2.8268136140651616e-5,6.765846831723737e-6,2.7131412156290376e-6,291.05409240722656,122.9780688087788,6.765846831723737e-6,2.7131412156290376e-6,0.03193792319362455,0.0055703352370796,0.00104071669435749,3.6846684282261e-4,-5.3307860138081e-4,1.9902166527893e-4,-1.0473089023415362e-6,9.660934091476663e-8,81.56307591460889,18.36533941300799,1.4483399510248252,0.04141045867514833,0.03193792319362455,0.0055703352370796,5.3984444821253e-4,2.0146176517095e-4,3.3837532858645622e-6,1.2287710233705108e-7,6.5205061885838e-4,4.026712511607049e-5,1.8691118165655436,0.6380831835069702,105.90164701844051,37.7959068762651,185889.31211441287,4651.728302098949,10894943.081090746,455320.6364074554,0.9673202614379086,0.02055513991079927,0.3682979868962781,0.5906246869638713,0.29069386642412703,0.34156502553198664,112953371722747330,83065193.79875563,338860115168241900,32039930368e5,51462649807907.14,96119791104e5,0,0,0,4779041375928320,223047366448227.38,3832507489320960,0,1878465902417237.2,8407404375020.643,35335150584851116,18610022105948280,106005451754553340,148288522307598430,18610022189011188,444865566922795260,643.486246942232,20.78191521948525,1930.458740826696,64,0,0,0,0,0,0,0,0,0,1,41.66666666666667,12.722812815835423,T_K
setting_2_medqa_medmcqa_reference_coverage_gamma_v1,SAFE,SAFE-(T_K),greedy_marginal,low_rank,sgd,adamw,T_K,"truthfulqa,mmlu_non_medical",reference,none,1,0.01,0,2e-4,0,NA,3,3,424344,0.4270833333333333,0.04355658511374409,0.40625,0.03197403426512676,0.02083333333333333,0.02354575692711604,0.50390625,0.0078125,0.5338541666666666,0.02931856835728568,-0.02994791666666666,0.02288853623860279,0.46719160104986873,0.0138263172609616,0.573490813648294,0.01265570966009571,-0.1062992125984252,0.02083268748869755,12.227797543282897,0.11487563478309123,0.15324867642652343,0.02816255694616597,0.250093599231542,0.00740215277295819,-0.09684492280501857,0.0222285859631143,2.2299319178789037,0.18334010499218104,0.5611979166666666,0.01578692142315383,0.5364583333333334,0.00983051358759212,0.02473958333333333,0.00596689543614041,13.907620530161594,0.28100238255448856,0.5274335634432528,0.02617638823228296,0.5111709172937656,0.01301845785237605,0.01626264614948708,0.01352253083918847,-0.05946818402337014,0.01322791665286929,-0.03605266973584261,0.00973259449655905,9.455116663774463,0.12567036372158646,13.907620530161594,0.28100238255448856,5.620831578220777,0.27711893644079444,0.06840732294549758,0.092022112039966,-0.0829365079365079,0.11700832706120916,0.00429385840098063,8.536796017920921e-5,2.184102215131035e-5,4.995625106982282e-6,236.28320821126303,50.61479866950636,2.184102215131035e-5,4.995625106982282e-6,0.02941125889160288,6.5078078847282e-4,8.6530449334532e-4,3.8471432535018136e-5,-4.1851994639314e-4,1.7279256004443645e-5,5.680317676967418e-6,2.888544653535238e-7,21.052948601861523,5.8931790225835305,0.38409172341491726,0.01272125828093319,0.02941125889160288,6.5078078847282e-4,4.4036096854445e-4,1.243101499737565e-5,3.540721536410274e-6,1.4981547876400057e-7,6.2875855170811e-4,2.3600439901287012e-5,0.5413030708848338,0.1474485150819657,29.957083975780467,7.881325943685123,46374.067525310624,1963.6435853920796,2651199.827450645,109089.16234357156,0.8741830065359478,0.1394332852496102,0.28278590672541426,0.4567283963310966,0.2564945880212885,0.27144835701531844,112953371722747330,83065193.79875563,338860115168241900,3226826249879552,100598550585471.23,9680478749638656,0,0,0,4779041375928320,223047366448227.38,3832507489320960,0,1878465902417237.2,8407404375020.643,35357983797930668,18659825949193936,106073951393792e3,1.4831135552067798e+17,18659826032257132,444934066562033900,673.0358917700747,21.46934760436621,2019.1076753102243,64,0,0,1,0,1,1,0,0,0,1,42.70833333333333,6.840732294549758,T_K
setting_2_medqa_medmcqa_reference_coverage_gamma_v1,SAFE,SAFE-(T_K),greedy_marginal,low_rank,sgd,adamw,T_K,"truthfulqa,mmlu_non_medical",reference,none,0.5,0.1,0,2e-4,0,NA,3,3,424344,0.4518229166666667,0.0222118777463958,0.40625,0.03197403426512676,0.04557291666666666,0.01578692142315383,0.5091145833333334,0.01626301562082916,0.5338541666666666,0.02931856835728568,-0.02473958333333333,0.02151394745033633,0.47900262467191607,0.01265570966009574,0.573490813648294,0.01265570966009571,-0.09448818897637794,0.02192033213712606,11.731733955423351,0.15932816184812057,0.14585338745255286,0.01458636617632074,0.250093599231542,0.00740215277295819,-0.10424021177898912,0.00953017829677236,2.1979408344335227,0.09832093520533028,0.5833333333333334,0.00596689543614041,0.5364583333333334,0.00983051358759212,0.046875,0.0140841846697812,13.828799785011345,0.29510780710478335,0.5332434743160245,0.0287922814143554,0.5111709172937656,0.01301845785237605,0.02207255702225887,0.01793295463965203,-0.05061780025178902,0.01509196389058812,-0.02868260588949456,0.01175424798439336,9.252824858289406,0.09366610951627238,13.828799785011345,0.29510780710478335,5.499031762491824,0.3138265604723479,0.06700085543108149,0.09143456664841802,-0.03373015873015869,0.0967757809385492,0.00214692920049031,4.2683980089604605e-5,5.460255537827589e-5,1.2489062767455704e-5,236.28320821126303,50.61479866950636,5.460255537827589e-5,1.2489062767455704e-5,0.03077459558054285,0.00109262135232594,9.4787161409234e-4,6.724478138425563e-5,-5.0153196642771e-4,2.1127091235690016e-5,-1.3049389428289867e-6,1.0603273308165005e-7,10.480820544268314,1.9526592908454845,1.5662307541734706,0.04390651008605153,0.03077459558054285,0.00109262135232594,5.5613452180599e-4,3.35994857434579e-5,3.6101987461734097e-6,1.6197055586116105e-7,6.4352750390147e-4,4.843387761646939e-5,0.22021722536829455,0.06332591812422042,12.315736344037823,3.6627881064782626,187730.19026377457,9414.100363411397,10847834.104960172,868148.0532794577,0.9305555555555556,0.04447927316606602,0.2559803858378336,0.43724678078860346,0.4344253084278709,0.20472414878568632,112953371722747330,83065193.79875563,338860115168241900,3386464769966080,83738434600769.47,10159394309898240,0,0,0,4779041375928320,223047366448227.38,3832507489320960,0,1878465902417237.2,8407404375020.643,35517622318017196,18633562695442748,106552866954051580,148470994040764500,18633562778506948,445412982122293500,669.2252689401308,18.763501565029312,2007.6758068203928,64,0,0,0,0,0,1,0,0,0,1,45.18229166666667,6.700085543108149,T_K
setting_2_medqa_medmcqa_reference_coverage_gamma_v1,SAFE,SAFE-(T_K),greedy_marginal,low_rank,sgd,adamw,T_K,"truthfulqa,mmlu_non_medical",reference,none,2,0.01,0,2e-4,0,NA,3,3,424344,0.4322916666666667,0.00596689543614041,0.40625,0.03197403426512676,0.02604166666666666,0.02600909421281012,0.5026041666666666,0.01761425684696443,0.5338541666666666,0.02931856835728568,-0.03125,0.015625,0.4698162729658792,0.01265570966009571,0.573490813648294,0.01265570966009571,-0.10367454068241468,0.02531141932019143,11.31577474822731,0.4645160145747782,0.15242074714264978,0.00897335232746487,0.250093599231542,0.00740215277295819,-0.0976728520888922,0.00592346461629674,2.105614685483612,0.05462276898490583,0.5729166666666666,0.00983051358759212,0.5364583333333334,0.00983051358759212,0.03645833333333333,0.00225527448902197,13.290401422315172,0.12739559740598932,0.5365435568180871,0.01884227900683377,0.5111709172937656,0.01301845785237605,0.02537263952432143,0.00764717138085467,-0.05496301981265785,0.00949906303675657,-0.03060725937777943,0.00333998945343035,8.903930285342033,0.17634301904702288,13.290401422315172,0.12739559740598932,5.296323967585317,0.14848744772884823,0.07703912428633657,0.10693171881860504,-0.05119047619047615,0.08045188418510933,0.00858771680196126,1.7073592035841e-4,8.736408860524142e-5,1.998250042792913e-5,236.28320821126303,50.61479866950636,8.736408860524142e-5,1.998250042792913e-5,0.03833259728869248,0.00538756913500241,0.00148873861568669,4.0344535275478e-4,-4.523241690505e-4,2.1911677859463575e-5,3.304084218551203e-5,1.2809864611952204e-6,6.343255178986726,1.087406002448368,0.10415982858712414,0.0058006441934981,0.03833259728869248,0.00538756913500241,5.3968825765574e-4,3.998316527430273e-5,3.843314667998736e-6,2.885915047815442e-7,6.4484571339562e-4,3.06134679066825e-5,0.13798473921676763,0.03581829963898833,7.691189436444222,2.103063516882703,11786.743810080754,403.6921729314546,668812.8621734919,25498.939301409384,0.9223856209150328,0.05681483219187489,0.42229530961845,0.5110618531427501,0.2583019051180789,0.2263536573423117,112953371722747330,83065193.79875563,338860115168241900,3297321024241664,120325272007078.7,9891963072724992,0,0,0,4779041375928320,223047366448227.38,3832507489320960,0,1878465902417237.2,8407404375020.643,35428478572292780,18674964190363840,106285435716878340,148381850295040100,18674964273427912,445145550885120260,664.4291439695904,9.859395427874832,1993.2874319087712,64,0,0,1,0,1,1,0,0,0,1,43.22916666666667,7.703912428633656,T_K
setting_2_medqa_medmcqa_reference_coverage_gamma_v1,SAFE,SAFE-(T_K),greedy_marginal,low_rank,sgd,adamw,T_K,"truthfulqa,mmlu_non_medical",reference,none,1,0.1,0,2e-4,0,NA,3,3,424344,0.4518229166666667,0.03133127451957282,0.40625,0.03197403426512676,0.04557291666666666,0.0090210979560879,0.5208333333333334,0.01371829915736033,0.5338541666666666,0.02931856835728568,-0.01302083333333333,0.04213200439417561,0.49606299212598426,0.04166537497739515,0.573490813648294,0.01265570966009571,-0.07742782152230969,0.03741883839733139,11.459798564226714,0.7234450162528623,0.14790791986585938,0.0163177662164013,0.250093599231542,0.00740215277295819,-0.10218567936568258,0.0150866822225437,2.204317574399083,0.14156592738866616,0.5807291666666666,0.01926907368092284,0.5364583333333334,0.00983051358759212,0.04427083333333333,0.01371829915736033,13.461668625473976,0.3266866591152089,0.5265571743460253,0.02380047971596156,0.5111709172937656,0.01301845785237605,0.01538625705225965,0.01155578405476241,-0.04511422251821964,0.01814033172654172,-0.02895742301617462,0.00851546390638532,9.041928254699924,0.33142963523826213,13.461668625473976,0.3266866591152089,5.392794996440081,0.18157480747497895,0.10141690595508056,0.08025623630651094,0.02579365079365081,0.0891533410264324,0.00429385840098063,8.536796017920921e-5,2.184102215131e-4,4.995625106982282e-5,236.28320821126303,50.61479866950636,2.184102215131e-4,4.995625106982282e-5,0.03591854342556378,0.00315771187857126,0.00129678919135282,2.2384288938246e-4,-5.6599584830826e-4,9.798638347381292e-5,4.823005688456063e-6,3.1325765876300184e-7,3.6159094961027223,0.1678830387470133,0.4763989386351972,0.04054150145534139,0.03591854342556378,0.00315771187857126,7.8440606982136e-4,1.4752834950394e-4,4.39803352492163e-6,4.794577888281803e-7,6.425143025505e-4,2.7354431329798605e-5,0.05482708258107603,0.01501518454528583,3.0586282480705616,0.791655431270921,46744.68112964954,1869.4076902861232,2696985.343779356,83879.33419479616,0.8210784313725492,0.12149052677836988,0.5699109339076959,0.18753856182481088,0.4274909800354809,0.3298058971949432,112953371722747330,83065193.79875563,338860115168241900,3488105820422144,91092219029551.78,10464317461266432,0,0,0,4779041375928320,223047366448227.38,3832507489320960,0,1878465902417237.2,8407404375020.643,35619263368473260,18629782899593964,106857790105419780,148572635091220580,18629782982658536,445717905273661700,654.6499632447958,25.050711610161308,1963.9498897343872,64,0,0,1,0,1,1,0,0,0,1,45.18229166666667,10.141690595508056,T_K
setting_2_medqa_medmcqa_reference_coverage_gamma_v1,SAFE,SAFE-(T_K),greedy_marginal,low_rank,sgd,adamw,T_K,"truthfulqa,mmlu_non_medical",reference,none,0.5,1,0,2e-4,0,NA,3,3,424344,0.4635416666666667,0.01371829915736033,0.40625,0.03197403426512676,0.05729166666666666,0.01846021729004925,0.5299479166666666,0.01371829915736033,0.5338541666666666,0.02931856835728568,-0.00390625,0.0333750146301466,0.4908136482939633,0.02765263452192317,0.573490813648294,0.01265570966009571,-0.08267716535433069,0.02755905511811022,11.93737145421386,0.1828662289545223,0.1472277438945546,0.01998823547242174,0.250093599231542,0.00740215277295819,-0.1028658553369874,0.02158311290581608,2.232701436258595,0.05119281405485295,0.5950520833333334,0.00451054897804395,0.5364583333333334,0.00983051358759212,0.05859375,0.0140841846697812,13.753581816123592,0.3669005516127705,0.5307614461194863,0.02729463971236026,0.5111709172937656,0.01301845785237605,0.01959052882572063,0.01482016992554228,-0.04231642356377269,0.02078371407495873,-0.02213605266849369,0.01774289718321589,9.307884902198682,0.1259948835876791,13.753581816123592,0.3669005516127705,5.571067679379381,0.2960257416936779,0.08238358862454964,0.10440208013428388,-0.02063492063492063,0.0928367906064092,0.0021524540901184,4.2779108674074674e-5,5.5153370390713e-4,1.3231933313018e-4,237.1890106201172,51.95714361279195,5.5153370390713e-4,1.3231933313018e-4,946.084966197881,788.2655046736268,1309318.4338378906,1133053.906103479,-4.8300927250579e-4,5.774886724921102e-5,-2.305354463256801e-6,1.6932423421013634e-7,1.929024090721961,0.34945270059708233,1.9951357336857696,0.06658673828596824,946.084966197881,788.2655046736268,0.00103454297641292,9.658644699600884e-5,4.622493785670183e-6,2.230993930311229e-7,6.3627890388791e-4,2.1705949246066323e-5,0.02105327329927709,0.00613392407383934,1.206619132093484,0.33953176342403696,180717.40616970308,7282.060023652828,10662586.956969868,268185.2491908461,0.9387254901960784,0.03214430649167647,0.37139207093069126,0.3682416251250238,0.5002695461948448,0.31921497976121593,112953371722747330,83065193.79875563,338860115168241900,3666393311870976,22030087533871.31,10999179935612928,0,0,0,4779041375928320,223047366448227.38,3832507489320960,0,1878465902417237.2,8407404375020.643,35797550859922092,18581259815894212,107392652579766270,148750922582669400,18581259898957388,446252767748008200,670.2636497331163,16.02679834944268,2010.7909491993487,64,0,0,0,0,0,1,0,0.3333333333333333,0,1,46.35416666666667,8.238358862454964,T_K
setting_2_medqa_medmcqa_reference_coverage_gamma_v1,SAFE,SAFE-(T_K),greedy_marginal,low_rank,sgd,adamw,T_K,"truthfulqa,mmlu_non_medical",reference,none,2,0.1,0,2e-4,0,NA,3,3,424344,0.4505208333333333,0.01371829915736033,0.40625,0.03197403426512676,0.04427083333333333,0.02600909421281012,0.5481770833333334,0.01846021729004925,0.5338541666666666,0.02931856835728568,0.01432291666666666,0.03912755000342895,0.5078740157480315,0.02755905511811022,0.573490813648294,0.01265570966009571,-0.06561679790026248,0.01591122789105268,11.93522790222969,0.4577915978165728,0.1528372375719114,0.01268787591562663,0.250093599231542,0.00740215277295819,-0.0972563616596306,0.01625098352852848,2.300789484309138,0.13855176096294328,0.6002604166666666,0.00225527448902197,0.5364583333333334,0.00983051358759212,0.06380208333333333,0.01193379087228083,13.940963470273546,0.5054423743675501,0.5264822375767727,0.0233807875633083,0.5111709172937656,0.01301845785237605,0.01531132028300709,0.01114129436964802,-0.03302369207551991,0.00587381310890072,-0.01672713916314862,0.01350583455785392,9.39232695227079,0.3602041010307241,13.940963470273546,0.5054423743675501,5.618510621892501,0.46450781833643445,0.02013611387707488,0.10401764820705364,0.01190476190476193,0.06628290908130978,0.00862335840861002,1.26007560259e-4,0.00117137793526091,3.3457392090507e-4,316.4954783121745,97.41106766020214,0.00117137793526091,3.3457392090507e-4,0.07449244948168245,0.00659999008880698,0.00557816494256258,9.8415826995139e-4,-6.4247363327653e-4,5.690674087083532e-5,3.028059476270617e-5,1.2241732647729962e-6,1.5825443414782503,0.17956053333356167,0.18553541604225743,0.03108240645449853,0.07449244948168245,0.00659999008880698,0.00181385156853745,2.9203785989627e-4,6.905852994047261e-6,1.2106397703262817e-6,6.4165480822945e-4,2.3630235175666585e-5,0.01025267884662744,0.0024417438186079,0.5728134341236627,0.1314977265589716,11566.098937728646,311.62954658817796,660013.7104222547,16985.791194342662,0.9648692810457518,0.01497573756521515,0.5060616154865359,0.4401672396247151,-0.06530489263190009,0.3389966017103832,112953371722747330,83065193.79875563,338860115168241900,3542861195476992,90940691958017.72,10628583586430976,0,0,0,4779041375928320,223047366448227.38,3832507489320960,0,1878465902417237.2,8407404375020.643,35674018743528108,18639978365307040,107022056230584320,148627390466275420,18639978448371308,445882171398826240,682.6727207507938,6.981064046388455,2048.0181622523814,64,0,0,1,0,1,1,0,1,0,1,45.05208333333333,2.013611387707488,T_K
setting_2_medqa_medmcqa_reference_coverage_gamma_v1,SAFE,SAFE-(T_K),greedy_marginal,low_rank,sgd,adamw,T_K,"truthfulqa,mmlu_non_medical",reference,none,1,1,0,2e-4,0,NA,3,3,424344,0.45703125,0.0140841846697812,0.40625,0.03197403426512676,0.05078125,0.0358013726168425,0.5520833333333334,0.03157384284630766,0.5338541666666666,0.02931856835728568,0.01822916666666666,0.05274642994929451,0.5249343832020997,0.05077570110801339,0.573490813648294,0.01265570966009571,-0.0485564304461942,0.05922983777636091,12.135188467337809,0.3335758390779981,0.15213475562717715,0.01528712087531868,0.250093599231542,0.00740215277295819,-0.09795884360436484,0.01802128125352688,2.2891499251363494,0.1330880559208782,0.6080729166666666,0.01578692142315383,0.5364583333333334,0.00983051358759212,0.07161458333333333,0.0222118777463958,14.128633382419745,0.2035056430455797,0.5289170640724351,0.02081453653907887,0.5111709172937656,0.01301845785237605,0.01774614677866946,0.01149180343024901,-0.02496689690574189,0.03146985071899527,-0.01317213013551574,0.02005933030000728,9.517657258297968,0.20925121358017665,14.128633382419745,0.2035056430455797,5.668020035451594,0.12577873063498768,0.08556146149168757,0.05688060593799508,0.01190476190476193,0.06628290908130978,0.00429385840098063,8.536796017920921e-5,0.00218410221513103,4.9956251069822e-4,236.28320821126303,50.61479866950636,0.00218410221513103,4.9956251069822e-4,1168.4593051979216,975.5680680958844,1999785.8515625,1758065.680046159,3.3143824395776e-4,3.4988784416379e-4,1.7050200179139518e-6,5.134944433454051e-7,0.8694868666319536,0.1513570503349346,0.8156289297393488,0.05173403463673931,1168.4593051979216,975.5680680958844,0.00185266397117326,1.9513764145885e-4,7.516019195463741e-6,4.521733254408752e-7,6.4573693089187e-4,2.2297322089748356e-5,0.00550257224610503,0.00146846625061748,0.30835750376434595,0.08504760947680781,46655.70692847054,1831.7296684087664,2715673.685999826,88798.66143883367,0.9248366013071896,0.06074938380725917,0.11969747440993464,0.3554093266554554,0.4103913408340617,0.35909242322980395,112953371722747330,83065193.79875563,338860115168241900,3697511877754880,31038948313703.316,11092535633264640,0,0,0,4779041375928320,223047366448227.38,3832507489320960,0,1878465902417237.2,8407404375020.643,35828669425805996,18585277646765276,107486008277417980,148782041148553300,18585277729828944,446346123445659900,672.3782597811272,24.103585440458147,2017.1347793433815,64,0,0.6666666666666666,1,0.6666666666666666,1,1,0,1,0,1,45.703125,8.556146149168757,T_K
setting_2_medqa_medmcqa_reference_coverage_gamma_v1,SAFE,SAFE-(T_K),greedy_marginal,low_rank,sgd,adamw,T_K,"truthfulqa,mmlu_non_medical",reference,none,2,1,0,2e-4,0,NA,3,3,424344,0.4270833333333333,0.03034161509825792,0.40625,0.03197403426512676,0.02083333333333333,0.03252603124165832,0.59375,0.04115489747208101,0.5338541666666666,0.02931856835728568,0.05989583333333333,0.05245634655855127,0.589238845144357,0.06935543444474442,0.573490813648294,0.01265570966009571,0.015748031496063,0.05678033504667702,11.951455510924598,0.4438682287668389,0.18029801542440085,0.03961023932792185,0.250093599231542,0.00740215277295819,-0.0697955838071411,0.03752555629514776,2.109231225916506,0.18746560372224452,0.58984375,0.02376079113397742,0.5364583333333334,0.00983051358759212,0.05338541666666666,0.01478882381718821,13.92096271034744,0.38222105027173536,0.5247516604581781,0.01710505634403084,0.5111709172937656,0.01301845785237605,0.01358074316441243,0.0042322872270658,-2.2071188147047e-4,0.01011117237397836,-0.00820508357023721,0.01452461597362963,9.327216482396182,0.33565100520474944,13.92096271034744,0.38222105027173536,5.491854499053452,0.0858981083426412,-0.01740532015810788,0.08502418609736548,-0.01785714285714283,0.07017753644375953,0.00862335840861002,1.26007560259e-4,0.01171377935260914,0.00334573920905076,316.4954783121745,97.41106766020214,0.01171377935260914,0.00334573920905076,4931.537127014632,227.4100862195996,24354535.333333332,2230464.2853758796,0.00744978219705703,0.00170513934808046,2.43162273402369e-5,1.1447070922654827e-6,0.3577469519181851,0.0350771153989952,0.34626197074873266,0.01593956247929251,4931.537127014632,227.4100862195996,0.0042639971555521,0.00165571608760279,1.2870220416516531e-5,5.039058889458385e-7,6.236415162372e-4,2.4789050838530735e-5,0.00103389707152296,2.2940558974159e-4,0.05569708969567718,0.0129178199204443,11657.873374110732,337.25442868306294,628013.6162060377,8040.999287198438,0.8529411764705884,0.10859253880821432,0.12418744878236213,0.7258555065213683,-0.2222953096184501,1.0479721437304943,112953371722747330,83065193.79875563,338860115168241900,3442245422792704,21769646112492.46,10326736268378112,0,0,0,4779041375928320,223047366448227.38,3832507489320960,0,1878465902417237.2,8407404375020.643,35573402970843820,18576178155946416,106720208912531460,148526774693591140,18576178239009992,445580324080773400,672.9934568467239,24.448089415668353,2018.980370540172,64,0,1,1,1,1,1,0,1,0,1,42.70833333333333,-1.740532015810788,T_K
setting_2_medqa_medmcqa_reference_coverage_gamma_v1,SAFE,SAFE-(B_T_K),greedy_marginal,low_rank,sgd,adamw,B_T_K,"bbq,truthfulqa,mmlu_non_medical",reference,none,0.5,0.01,0,2e-4,0,NA,3,3,424344,0.4166666666666667,0.02825850835183685,0.40625,0.03197403426512676,0.01041666666666666,0.02386758174456166,0.4505208333333333,0.05417355224665292,0.5338541666666666,0.02931856835728568,-0.08333333333333333,0.02743659831472067,0.41863517060367456,0.05242778046046766,0.573490813648294,0.01265570966009571,-0.15485564304461943,0.06179137725455932,12.141139067168416,0.4004949607675065,0.14500601756588705,0.02466672689545663,0.250093599231542,0.00740215277295819,-0.10508758166565496,0.02284903837360723,2.2317723481651064,0.11416317627494312,0.5416666666666666,0.03629520798116238,0.5364583333333334,0.00983051358759212,0.00520833333333333,0.03544442080420885,14.099884870979524,0.27457954058017947,0.5315684324399776,0.02742164334737972,0.5111709172937656,0.01301845785237605,0.02039751514621196,0.01585989826887379,-0.08491163045898033,0.03497677643635364,-0.08491163045898033,0.03497677643635364,9.49093209543768,0.2628520148463162,14.099884870979524,0.27457954058017947,5.635520435289081,0.09885505167059538,0.12722812815835424,0.10713478797003896,-0.05317460317460313,0.12014572909891764,0.00216156333287556,2.8268136140651616e-5,6.765846831723737e-6,2.7131412156290376e-6,291.05409240722656,122.9780688087788,6.765846831723737e-6,2.7131412156290376e-6,0.03193792319362455,0.0055703352370796,0.00104071669435749,3.6846684282261e-4,-5.3307860138081e-4,1.9902166527893e-4,-1.0473089023415362e-6,9.660934091476663e-8,81.56307591460889,18.36533941300799,1.4483399510248252,0.04141045867514833,0.03193792319362455,0.0055703352370796,5.3984444821253e-4,2.0146176517095e-4,3.3837532858645622e-6,1.2287710233705108e-7,8.3705996318409e-4,3.943711156300938e-5,2.3950358921778245,0.8148058436477906,135.9897602114618,47.98392215566545,185889.31211441287,4651.728302098949,10894943.081090746,455320.6364074554,0.9673202614379086,0.02055513991079927,0.3682979868962781,0.5906246869638713,0.29069386642412703,0.34156502553198664,112953371722747330,83065193.79875563,338860115168241900,32039930368e5,51462649807907.14,96119791104e5,0,0,0,4779041375928320,223047366448227.38,3832507489320960,0,1878465902417237.2,8407404375020.643,35335150584851116,18610022105948280,106005451754553340,148288522307598430,18610022189011188,444865566922795260,669.278546664243,33.49446977293551,2007.8356399927288,64,0,0,0,0,0,0,0,0,0,1,41.66666666666667,12.722812815835423,B_T_K
setting_2_medqa_medmcqa_reference_coverage_gamma_v1,SAFE,SAFE-(B_T_K),greedy_marginal,low_rank,sgd,adamw,B_T_K,"bbq,truthfulqa,mmlu_non_medical",reference,none,1,0.01,0,2e-4,0,NA,3,3,424344,0.4270833333333333,0.04355658511374409,0.40625,0.03197403426512676,0.02083333333333333,0.02354575692711604,0.50390625,0.0078125,0.5338541666666666,0.02931856835728568,-0.02994791666666666,0.02288853623860279,0.46719160104986873,0.0138263172609616,0.573490813648294,0.01265570966009571,-0.1062992125984252,0.02083268748869755,12.227797543282897,0.11487563478309123,0.15324867642652343,0.02816255694616597,0.250093599231542,0.00740215277295819,-0.09684492280501857,0.0222285859631143,2.2299319178789037,0.18334010499218104,0.5611979166666666,0.01578692142315383,0.5364583333333334,0.00983051358759212,0.02473958333333333,0.00596689543614041,13.907620530161594,0.28100238255448856,0.5274335634432528,0.02617638823228296,0.5111709172937656,0.01301845785237605,0.01626264614948708,0.01352253083918847,-0.05946818402337014,0.01322791665286929,-0.05946818402337014,0.01322791665286929,9.455116663774463,0.12567036372158646,13.907620530161594,0.28100238255448856,5.620831578220777,0.27711893644079444,0.06840732294549758,0.092022112039966,-0.0829365079365079,0.11700832706120916,0.00429385840098063,8.536796017920921e-5,2.184102215131035e-5,4.995625106982282e-6,236.28320821126303,50.61479866950636,2.184102215131035e-5,4.995625106982282e-6,0.02941125889160288,6.5078078847282e-4,8.6530449334532e-4,3.8471432535018136e-5,-4.1851994639314e-4,1.7279256004443645e-5,5.680317676967418e-6,2.888544653535238e-7,21.052948601861523,5.8931790225835305,0.38409172341491726,0.01272125828093319,0.02941125889160288,6.5078078847282e-4,4.4036096854445e-4,1.243101499737565e-5,3.540721536410274e-6,1.4981547876400057e-7,8.0620202546318e-4,1.7444257834600984e-5,0.691945771985745,0.1825002458764647,38.37496665239204,9.754050773984188,46374.067525310624,1963.6435853920796,2651199.827450645,109089.16234357156,0.8741830065359478,0.1394332852496102,0.28278590672541426,0.4567283963310966,0.2564945880212885,0.27144835701531844,112953371722747330,83065193.79875563,338860115168241900,3226826249879552,100598550585471.23,9680478749638656,0,0,0,4779041375928320,223047366448227.38,3832507489320960,0,1878465902417237.2,8407404375020.643,35357983797930668,18659825949193936,106073951393792e3,1.4831135552067798e+17,18659826032257132,444934066562033900,674.406340935578,16.28996171910939,2023.2190228067336,64,0,0,1,0,1,1,0,0,0,1,42.70833333333333,6.840732294549758,B_T_K
setting_2_medqa_medmcqa_reference_coverage_gamma_v1,SAFE,SAFE-(B_T_K),greedy_marginal,low_rank,sgd,adamw,B_T_K,"bbq,truthfulqa,mmlu_non_medical",reference,none,0.5,0.1,0,2e-4,0,NA,3,3,424344,0.4518229166666667,0.0222118777463958,0.40625,0.03197403426512676,0.04557291666666666,0.01578692142315383,0.5091145833333334,0.01626301562082916,0.5338541666666666,0.02931856835728568,-0.02473958333333333,0.02151394745033633,0.47900262467191607,0.01265570966009574,0.573490813648294,0.01265570966009571,-0.09448818897637794,0.02192033213712606,11.731733955423351,0.15932816184812057,0.14585338745255286,0.01458636617632074,0.250093599231542,0.00740215277295819,-0.10424021177898912,0.00953017829677236,2.1979408344335227,0.09832093520533028,0.5833333333333334,0.00596689543614041,0.5364583333333334,0.00983051358759212,0.046875,0.0140841846697812,13.828799785011345,0.29510780710478335,0.5332434743160245,0.0287922814143554,0.5111709172937656,0.01301845785237605,0.02207255702225887,0.01793295463965203,-0.05061780025178902,0.01509196389058812,-0.05061780025178902,0.01509196389058812,9.252824858289406,0.09366610951627238,13.828799785011345,0.29510780710478335,5.499031762491824,0.3138265604723479,0.06700085543108149,0.09143456664841802,-0.03373015873015869,0.0967757809385492,0.00214692920049031,4.2683980089604605e-5,5.460255537827589e-5,1.2489062767455704e-5,236.28320821126303,50.61479866950636,5.460255537827589e-5,1.2489062767455704e-5,0.03077459558054285,0.00109262135232594,9.4787161409234e-4,6.724478138425563e-5,-5.0153196642771e-4,2.1127091235690016e-5,-1.3049389428289867e-6,1.0603273308165005e-7,10.480820544268314,1.9526592908454845,1.5662307541734706,0.04390651008605153,0.03077459558054285,0.00109262135232594,5.5613452180599e-4,3.35994857434579e-5,3.6101987461734097e-6,1.6197055586116105e-7,8.2478546149407e-4,5.060639314146835e-5,0.28101220538236243,0.07885164569144208,15.773215207601115,4.562780661412906,187730.19026377457,9414.100363411397,10847834.104960172,868148.0532794577,0.9305555555555556,0.04447927316606602,0.2559803858378336,0.43724678078860346,0.4344253084278709,0.20472414878568632,112953371722747330,83065193.79875563,338860115168241900,3386464769966080,83738434600769.47,10159394309898240,0,0,0,4779041375928320,223047366448227.38,3832507489320960,0,1878465902417237.2,8407404375020.643,35517622318017196,18633562695442748,106552866954051580,148470994040764500,18633562778506948,445412982122293500,658.4551023797443,12.445712800956988,1975.3653071392328,64,0,0,0,0,0,1,0,0,0,1,45.18229166666667,6.700085543108149,B_T_K
setting_2_medqa_medmcqa_reference_coverage_gamma_v1,SAFE,SAFE-(B_T_K),greedy_marginal,low_rank,sgd,adamw,B_T_K,"bbq,truthfulqa,mmlu_non_medical",reference,none,2,0.01,0,2e-4,0,NA,3,3,424344,0.4322916666666667,0.00596689543614041,0.40625,0.03197403426512676,0.02604166666666666,0.02600909421281012,0.5026041666666666,0.01761425684696443,0.5338541666666666,0.02931856835728568,-0.03125,0.015625,0.4698162729658792,0.01265570966009571,0.573490813648294,0.01265570966009571,-0.10367454068241468,0.02531141932019143,11.31577474822731,0.4645160145747782,0.15242074714264978,0.00897335232746487,0.250093599231542,0.00740215277295819,-0.0976728520888922,0.00592346461629674,2.105614685483612,0.05462276898490583,0.5729166666666666,0.00983051358759212,0.5364583333333334,0.00983051358759212,0.03645833333333333,0.00225527448902197,13.290401422315172,0.12739559740598932,0.5365435568180871,0.01884227900683377,0.5111709172937656,0.01301845785237605,0.02537263952432143,0.00764717138085467,-0.05496301981265785,0.00949906303675657,-0.05496301981265785,0.00949906303675657,8.903930285342033,0.17634301904702288,13.290401422315172,0.12739559740598932,5.296323967585317,0.14848744772884823,0.07703912428633657,0.10693171881860504,-0.05119047619047615,0.08045188418510933,0.00858771680196126,1.7073592035841e-4,8.736408860524142e-5,1.998250042792913e-5,236.28320821126303,50.61479866950636,8.736408860524142e-5,1.998250042792913e-5,0.03833259728869248,0.00538756913500241,0.00148873861568669,4.0344535275478e-4,-4.523241690505e-4,2.1911677859463575e-5,3.304084218551203e-5,1.2809864611952204e-6,6.343255178986726,1.087406002448368,0.10415982858712414,0.0058006441934981,0.03833259728869248,0.00538756913500241,5.3968825765574e-4,3.998316527430273e-5,3.843314667998736e-6,2.885915047815442e-7,8.2589449205746e-4,2.8303727731653275e-5,0.1762567699395247,0.04480069363289443,9.846460161794548,2.638759551178874,11786.743810080754,403.6921729314546,668812.8621734919,25498.939301409384,0.9223856209150328,0.05681483219187489,0.42229530961845,0.5110618531427501,0.2583019051180789,0.2263536573423117,112953371722747330,83065193.79875563,338860115168241900,3297321024241664,120325272007078.7,9891963072724992,0,0,0,4779041375928320,223047366448227.38,3832507489320960,0,1878465902417237.2,8407404375020.643,35428478572292780,18674964190363840,106285435716878340,148381850295040100,18674964273427912,445145550885120260,666.5989961779366,16.986793043122024,1999.7969885338096,64,0,0,1,0,1,1,0,0,0,1,43.22916666666667,7.703912428633656,B_T_K
setting_2_medqa_medmcqa_reference_coverage_gamma_v1,SAFE,SAFE-(B_T_K),greedy_marginal,low_rank,sgd,adamw,B_T_K,"bbq,truthfulqa,mmlu_non_medical",reference,none,1,0.1,0,2e-4,0,NA,3,3,424344,0.4518229166666667,0.03133127451957282,0.40625,0.03197403426512676,0.04557291666666666,0.0090210979560879,0.5208333333333334,0.01371829915736033,0.5338541666666666,0.02931856835728568,-0.01302083333333333,0.04213200439417561,0.49606299212598426,0.04166537497739515,0.573490813648294,0.01265570966009571,-0.07742782152230969,0.03741883839733139,11.459798564226714,0.7234450162528623,0.14790791986585938,0.0163177662164013,0.250093599231542,0.00740215277295819,-0.10218567936568258,0.0150866822225437,2.204317574399083,0.14156592738866616,0.5807291666666666,0.01926907368092284,0.5364583333333334,0.00983051358759212,0.04427083333333333,0.01371829915736033,13.461668625473976,0.3266866591152089,0.5265571743460253,0.02380047971596156,0.5111709172937656,0.01301845785237605,0.01538625705225965,0.01155578405476241,-0.04511422251821964,0.01814033172654172,-0.04511422251821964,0.01814033172654172,9.041928254699924,0.33142963523826213,13.461668625473976,0.3266866591152089,5.392794996440081,0.18157480747497895,0.10141690595508056,0.08025623630651094,0.02579365079365081,0.0891533410264324,0.00429385840098063,8.536796017920921e-5,2.184102215131e-4,4.995625106982282e-5,236.28320821126303,50.61479866950636,2.184102215131e-4,4.995625106982282e-5,0.03591854342556378,0.00315771187857126,0.00129678919135282,2.2384288938246e-4,-5.6599584830826e-4,9.798638347381292e-5,4.823005688456063e-6,3.1325765876300184e-7,3.6159094961027223,0.1678830387470133,0.4763989386351972,0.04054150145534139,0.03591854342556378,0.00315771187857126,7.8440606982136e-4,1.4752834950394e-4,4.39803352492163e-6,4.794577888281803e-7,8.2451475706572e-4,2.533413748945271e-5,0.07002393686889825,0.01881583503374779,3.9220787011584086,0.986537997162484,46744.68112964954,1869.4076902861232,2696985.343779356,83879.33419479616,0.8210784313725492,0.12149052677836988,0.5699109339076959,0.18753856182481088,0.4274909800354809,0.3298058971949432,112953371722747330,83065193.79875563,338860115168241900,3488105820422144,91092219029551.78,10464317461266432,0,0,0,4779041375928320,223047366448227.38,3832507489320960,0,1878465902417237.2,8407404375020.643,35619263368473260,18629782899593964,106857790105419780,148572635091220580,18629782982658536,445717905273661700,662.6054460884383,21.541861525178724,1987.8163382653147,64,0,0,1,0,1,1,0,0,0,1,45.18229166666667,10.141690595508056,B_T_K
setting_2_medqa_medmcqa_reference_coverage_gamma_v1,SAFE,SAFE-(B_T_K),greedy_marginal,low_rank,sgd,adamw,B_T_K,"bbq,truthfulqa,mmlu_non_medical",reference,none,0.5,1,0,2e-4,0,NA,3,3,424344,0.4635416666666667,0.01371829915736033,0.40625,0.03197403426512676,0.05729166666666666,0.01846021729004925,0.5299479166666666,0.01371829915736033,0.5338541666666666,0.02931856835728568,-0.00390625,0.0333750146301466,0.4908136482939633,0.02765263452192317,0.573490813648294,0.01265570966009571,-0.08267716535433069,0.02755905511811022,11.93737145421386,0.1828662289545223,0.1472277438945546,0.01998823547242174,0.250093599231542,0.00740215277295819,-0.1028658553369874,0.02158311290581608,2.232701436258595,0.05119281405485295,0.5950520833333334,0.00451054897804395,0.5364583333333334,0.00983051358759212,0.05859375,0.0140841846697812,13.753581816123592,0.3669005516127705,0.5307614461194863,0.02729463971236026,0.5111709172937656,0.01301845785237605,0.01959052882572063,0.01482016992554228,-0.04231642356377269,0.02078371407495873,-0.04231642356377269,0.02078371407495873,9.307884902198682,0.1259948835876791,13.753581816123592,0.3669005516127705,5.571067679379381,0.2960257416936779,0.08238358862454964,0.10440208013428388,-0.02063492063492063,0.0928367906064092,0.0021524540901184,4.2779108674074674e-5,5.5153370390713e-4,1.3231933313018e-4,237.1890106201172,51.95714361279195,5.5153370390713e-4,1.3231933313018e-4,946.084966197881,788.2655046736268,1309318.4338378906,1133053.906103479,-4.8300927250579e-4,5.774886724921102e-5,-2.305354463256801e-6,1.6932423421013634e-7,1.929024090721961,0.34945270059708233,1.9951357336857696,0.06658673828596824,946.084966197881,788.2655046736268,0.00103454297641292,9.658644699600884e-5,4.622493785670183e-6,2.230993930311229e-7,8.1721031650279e-4,1.935374782510598e-5,0.02697333606399188,0.00770033390331028,1.5490939376407902,0.42891940516599886,180717.40616970308,7282.060023652828,10662586.956969868,268185.2491908461,0.9387254901960784,0.03214430649167647,0.37139207093069126,0.3682416251250238,0.5002695461948448,0.31921497976121593,112953371722747330,83065193.79875563,338860115168241900,3666393311870976,22030087533871.31,10999179935612928,0,0,0,4779041375928320,223047366448227.38,3832507489320960,0,1878465902417237.2,8407404375020.643,35797550859922092,18581259815894212,107392652579766270,148750922582669400,18581259898957388,446252767748008200,682.3567435437193,28.38238067042908,2047.0702306311575,64,0,0,0,0,0,1,0,0,0,1,46.35416666666667,8.238358862454964,B_T_K
setting_2_medqa_medmcqa_reference_coverage_gamma_v1,SAFE,SAFE-(B_T_K),greedy_marginal,low_rank,sgd,adamw,B_T_K,"bbq,truthfulqa,mmlu_non_medical",reference,none,2,0.1,0,2e-4,0,NA,3,3,424344,0.4505208333333333,0.01371829915736033,0.40625,0.03197403426512676,0.04427083333333333,0.02600909421281012,0.5481770833333334,0.01846021729004925,0.5338541666666666,0.02931856835728568,0.01432291666666666,0.03912755000342895,0.5078740157480315,0.02755905511811022,0.573490813648294,0.01265570966009571,-0.06561679790026248,0.01591122789105268,11.93522790222969,0.4577915978165728,0.1528372375719114,0.01268787591562663,0.250093599231542,0.00740215277295819,-0.0972563616596306,0.01625098352852848,2.300789484309138,0.13855176096294328,0.6002604166666666,0.00225527448902197,0.5364583333333334,0.00983051358759212,0.06380208333333333,0.01193379087228083,13.940963470273546,0.5054423743675501,0.5264822375767727,0.0233807875633083,0.5111709172937656,0.01301845785237605,0.01531132028300709,0.01114129436964802,-0.03302369207551991,0.00587381310890072,-0.03302369207551991,0.00587381310890072,9.39232695227079,0.3602041010307241,13.940963470273546,0.5054423743675501,5.618510621892501,0.46450781833643445,0.02013611387707488,0.10401764820705364,0.01190476190476193,0.06628290908130978,0.00862335840861002,1.26007560259e-4,0.00117137793526091,3.3457392090507e-4,316.4954783121745,97.41106766020214,0.00117137793526091,3.3457392090507e-4,0.07449244948168245,0.00659999008880698,0.00557816494256258,9.8415826995139e-4,-6.4247363327653e-4,5.690674087083532e-5,3.028059476270617e-5,1.2241732647729962e-6,1.5825443414782503,0.17956053333356167,0.18553541604225743,0.03108240645449853,0.07449244948168245,0.00659999008880698,0.00181385156853745,2.9203785989627e-4,6.905852994047261e-6,1.2106397703262817e-6,8.2136527635157e-4,1.9808864303745335e-5,0.01311850249840451,0.00320184881049156,0.7345473062703988,0.17521508783214718,11566.098937728646,311.62954658817796,660013.7104222547,16985.791194342662,0.9648692810457518,0.01497573756521515,0.5060616154865359,0.4401672396247151,-0.06530489263190009,0.3389966017103832,112953371722747330,83065193.79875563,338860115168241900,3542861195476992,90940691958017.72,10628583586430976,0,0,0,4779041375928320,223047366448227.38,3832507489320960,0,1878465902417237.2,8407404375020.643,35674018743528108,18639978365307040,107022056230584320,148627390466275420,18639978448371308,445882171398826240,678.3788947307816,16.825549499157407,2035.1366841923443,64,0,0,1,0,1,1,0,1,0,1,45.05208333333333,2.013611387707488,B_T_K
setting_2_medqa_medmcqa_reference_coverage_gamma_v1,SAFE,SAFE-(B_T_K),greedy_marginal,low_rank,sgd,adamw,B_T_K,"bbq,truthfulqa,mmlu_non_medical",reference,none,1,1,0,2e-4,0,NA,3,3,424344,0.45703125,0.0140841846697812,0.40625,0.03197403426512676,0.05078125,0.0358013726168425,0.5520833333333334,0.03157384284630766,0.5338541666666666,0.02931856835728568,0.01822916666666666,0.05274642994929451,0.5249343832020997,0.05077570110801339,0.573490813648294,0.01265570966009571,-0.0485564304461942,0.05922983777636091,12.135188467337809,0.3335758390779981,0.15213475562717715,0.01528712087531868,0.250093599231542,0.00740215277295819,-0.09795884360436484,0.01802128125352688,2.2891499251363494,0.1330880559208782,0.6080729166666666,0.01578692142315383,0.5364583333333334,0.00983051358759212,0.07161458333333333,0.0222118777463958,14.128633382419745,0.2035056430455797,0.5289170640724351,0.02081453653907887,0.5111709172937656,0.01301845785237605,0.01774614677866946,0.01149180343024901,-0.02496689690574189,0.03146985071899527,-0.02496689690574189,0.03146985071899527,9.517657258297968,0.20925121358017665,14.128633382419745,0.2035056430455797,5.668020035451594,0.12577873063498768,0.08556146149168757,0.05688060593799508,0.01190476190476193,0.06628290908130978,0.00429385840098063,8.536796017920921e-5,0.00218410221513103,4.9956251069822e-4,236.28320821126303,50.61479866950636,0.00218410221513103,4.9956251069822e-4,1168.4593051979216,975.5680680958844,1999785.8515625,1758065.680046159,3.3143824395776e-4,3.4988784416379e-4,1.7050200179139518e-6,5.134944433454051e-7,0.8694868666319536,0.1513570503349346,0.8156289297393488,0.05173403463673931,1168.4593051979216,975.5680680958844,0.00185266397117326,1.9513764145885e-4,7.516019195463741e-6,4.521733254408752e-7,8.2945722776154e-4,1.7516261999547545e-5,0.00703187027002205,0.00182957898473897,0.3956425742538235,0.1055043854801234,46655.70692847054,1831.7296684087664,2715673.685999826,88798.66143883367,0.9248366013071896,0.06074938380725917,0.11969747440993464,0.3554093266554554,0.4103913408340617,0.35909242322980395,112953371722747330,83065193.79875563,338860115168241900,3697511877754880,31038948313703.316,11092535633264640,0,0,0,4779041375928320,223047366448227.38,3832507489320960,0,1878465902417237.2,8407404375020.643,35828669425805996,18585277646765276,107486008277417980,148782041148553300,18585277729828944,446346123445659900,676.4868499667695,16.344472650821235,2029.4605499003085,64,0,0.6666666666666666,1,0.6666666666666666,1,1,0,1,0,1,45.703125,8.556146149168757,B_T_K
setting_2_medqa_medmcqa_reference_coverage_gamma_v1,SAFE,SAFE-(B_T_K),greedy_marginal,low_rank,sgd,adamw,B_T_K,"bbq,truthfulqa,mmlu_non_medical",reference,none,2,1,0,2e-4,0,NA,3,3,424344,0.4270833333333333,0.03034161509825792,0.40625,0.03197403426512676,0.02083333333333333,0.03252603124165832,0.59375,0.04115489747208101,0.5338541666666666,0.02931856835728568,0.05989583333333333,0.05245634655855127,0.589238845144357,0.06935543444474442,0.573490813648294,0.01265570966009571,0.015748031496063,0.05678033504667702,11.951455510924598,0.4438682287668389,0.18029801542440085,0.03961023932792185,0.250093599231542,0.00740215277295819,-0.0697955838071411,0.03752555629514776,2.109231225916506,0.18746560372224452,0.58984375,0.02376079113397742,0.5364583333333334,0.00983051358759212,0.05338541666666666,0.01478882381718821,13.92096271034744,0.38222105027173536,0.5247516604581781,0.01710505634403084,0.5111709172937656,0.01301845785237605,0.01358074316441243,0.0042322872270658,-2.2071188147047e-4,0.01011117237397836,-2.2071188147047e-4,0.01011117237397836,9.327216482396182,0.33565100520474944,13.92096271034744,0.38222105027173536,5.491854499053452,0.0858981083426412,-0.01740532015810788,0.08502418609736548,-0.01785714285714283,0.07017753644375953,0.00862335840861002,1.26007560259e-4,0.01171377935260914,0.00334573920905076,316.4954783121745,97.41106766020214,0.01171377935260914,0.00334573920905076,4931.537127014632,227.4100862195996,24354535.333333332,2230464.2853758796,0.00744978219705703,0.00170513934808046,2.43162273402369e-5,1.1447070922654827e-6,0.3577469519181851,0.0350771153989952,0.34626197074873266,0.01593956247929251,4931.537127014632,227.4100862195996,0.0042639971555521,0.00165571608760279,1.2870220416516531e-5,5.039058889458385e-7,7.9873720339188e-4,2.0018145356465017e-5,0.00132390370611407,3.0281761068856e-4,0.07146385416467048,0.01720574199843564,11657.873374110732,337.25442868306294,628013.6162060377,8040.999287198438,0.8529411764705884,0.10859253880821432,0.12418744878236213,0.7258555065213683,-0.2222953096184501,1.0479721437304943,112953371722747330,83065193.79875563,338860115168241900,3442245422792704,21769646112492.46,10326736268378112,0,0,0,4779041375928320,223047366448227.38,3832507489320960,0,1878465902417237.2,8407404375020.643,35573402970843820,18576178155946416,106720208912531460,148526774693591140,18576178239009992,445580324080773400,673.6699440187464,26.88061140857599,2021.0098320562392,64,0,1,1,1,1,1,0,1,0,1,42.70833333333333,-1.740532015810788,B_T_K
